,State,Demand,Forecast,Action,Reward
0,-5,0,0,0,-50
1,-5,0,0,1,-40
2,-5,0,0,2,-30
3,-5,0,0,3,-20
4,-5,0,0,4,-10
5,-5,0,0,5,7
6,-5,0,1,0,-50
7,-5,0,1,1,-40
8,-5,0,1,2,-30
9,-5,0,1,3,-20
10,-5,0,1,4,-10
11,-5,0,1,5,7
12,-5,0,2,0,-50
13,-5,0,2,1,-40
14,-5,0,2,2,-30
15,-5,0,2,3,-20
16,-5,0,2,4,-10
17,-5,0,2,5,7
18,-5,0,3,0,-50
19,-5,0,3,1,-40
20,-5,0,3,2,-30
21,-5,0,3,3,-20
22,-5,0,3,4,-10
23,-5,0,3,5,7
24,-5,0,4,0,-50
25,-5,0,4,1,-40
26,-5,0,4,2,-30
27,-5,0,4,3,-20
28,-5,0,4,4,-10
29,-5,0,4,5,7
30,-5,0,5,0,-50
31,-5,0,5,1,-40
32,-5,0,5,2,-30
33,-5,0,5,3,-20
34,-5,0,5,4,-10
35,-5,0,5,5,7
36,-5,0,6,0,-50
37,-5,0,6,1,-40
38,-5,0,6,2,-30
39,-5,0,6,3,-20
40,-5,0,6,4,-10
41,-5,0,6,5,7
42,-5,0,7,0,-50
43,-5,0,7,1,-40
44,-5,0,7,2,-30
45,-5,0,7,3,-20
46,-5,0,7,4,-10
47,-5,0,7,5,7
48,-5,1,0,0,-80
49,-5,1,0,1,-50
50,-5,1,0,2,-40
51,-5,1,0,3,-30
52,-5,1,0,4,-20
53,-5,1,0,5,-10
54,-5,1,1,0,-80
55,-5,1,1,1,-50
56,-5,1,1,2,-40
57,-5,1,1,3,-30
58,-5,1,1,4,-20
59,-5,1,1,5,-10
60,-5,1,2,0,-80
61,-5,1,2,1,-50
62,-5,1,2,2,-40
63,-5,1,2,3,-30
64,-5,1,2,4,-20
65,-5,1,2,5,-10
66,-5,1,3,0,-80
67,-5,1,3,1,-50
68,-5,1,3,2,-40
69,-5,1,3,3,-30
70,-5,1,3,4,-20
71,-5,1,3,5,-10
72,-5,1,4,0,-80
73,-5,1,4,1,-50
74,-5,1,4,2,-40
75,-5,1,4,3,-30
76,-5,1,4,4,-20
77,-5,1,4,5,-10
78,-5,1,5,0,-80
79,-5,1,5,1,-50
80,-5,1,5,2,-40
81,-5,1,5,3,-30
82,-5,1,5,4,-20
83,-5,1,5,5,-10
84,-5,1,6,0,-80
85,-5,1,6,1,-50
86,-5,1,6,2,-40
87,-5,1,6,3,-30
88,-5,1,6,4,-20
89,-5,1,6,5,-10
90,-5,1,7,0,-80
91,-5,1,7,1,-50
92,-5,1,7,2,-40
93,-5,1,7,3,-30
94,-5,1,7,4,-20
95,-5,1,7,5,#NAME?
96,-5,2,0,0,-80
97,-5,2,0,1,-80
98,-5,2,0,2,-50
99,-5,2,0,3,-40
100,-5,2,0,4,-30
101,-5,2,0,5,-20
102,-5,2,1,0,-80
103,-5,2,1,1,-80
104,-5,2,1,2,-50
105,-5,2,1,3,-40
106,-5,2,1,4,-30
107,-5,2,1,5,-20
108,-5,2,2,0,-80
109,-5,2,2,1,-80
110,-5,2,2,2,-50
111,-5,2,2,3,-40
112,-5,2,2,4,-30
113,-5,2,2,5,-20
114,-5,2,3,0,-80
115,-5,2,3,1,-80
116,-5,2,3,2,-50
117,-5,2,3,3,-40
118,-5,2,3,4,-30
119,-5,2,3,5,-20
120,-5,2,4,0,-80
121,-5,2,4,1,-80
122,-5,2,4,2,-50
123,-5,2,4,3,-40
124,-5,2,4,4,-30
125,-5,2,4,5,-20
126,-5,2,5,0,-80
127,-5,2,5,1,-80
128,-5,2,5,2,-50
129,-5,2,5,3,-40
130,-5,2,5,4,-30
131,-5,2,5,5,-20
132,-5,2,6,0,-80
133,-5,2,6,1,-80
134,-5,2,6,2,-50
135,-5,2,6,3,-40
136,-5,2,6,4,-30
137,-5,2,6,5,-20
138,-5,2,7,0,-80
139,-5,2,7,1,-80
140,-5,2,7,2,-50
141,-5,2,7,3,-40
142,-5,2,7,4,-30
143,-5,2,7,5,-20
144,-5,3,0,0,-80
145,-5,3,0,1,-80
146,-5,3,0,2,-80
147,-5,3,0,3,-50
148,-5,3,0,4,-40
149,-5,3,0,5,-30
150,-5,3,1,0,-80
151,-5,3,1,1,-80
152,-5,3,1,2,-80
153,-5,3,1,3,-50
154,-5,3,1,4,-40
155,-5,3,1,5,-30
156,-5,3,2,0,-80
157,-5,3,2,1,-80
158,-5,3,2,2,-80
159,-5,3,2,3,-50
160,-5,3,2,4,-40
161,-5,3,2,5,-30
162,-5,3,3,0,-80
163,-5,3,3,1,-80
164,-5,3,3,2,-80
165,-5,3,3,3,-50
166,-5,3,3,4,-40
167,-5,3,3,5,-30
168,-5,3,4,0,-80
169,-5,3,4,1,-80
170,-5,3,4,2,-80
171,-5,3,4,3,-50
172,-5,3,4,4,-40
173,-5,3,4,5,-30
174,-5,3,5,0,-80
175,-5,3,5,1,-80
176,-5,3,5,2,-80
177,-5,3,5,3,-50
178,-5,3,5,4,-40
179,-5,3,5,5,-30
180,-5,3,6,0,-80
181,-5,3,6,1,-80
182,-5,3,6,2,-80
183,-5,3,6,3,-50
184,-5,3,6,4,-40
185,-5,3,6,5,-30
186,-5,3,7,0,-80
187,-5,3,7,1,#NAME?
188,-5,3,7,2,-80
189,-5,3,7,3,-50
190,-5,3,7,4,-40
191,-5,3,7,5,-30
192,-5,4,0,0,-80
193,-5,4,0,1,-80
194,-5,4,0,2,-80
195,-5,4,0,3,-80
196,-5,4,0,4,-50
197,-5,4,0,5,-40
198,-5,4,1,0,-80
199,-5,4,1,1,-80
200,-5,4,1,2,-80
201,-5,4,1,3,-80
202,-5,4,1,4,-50
203,-5,4,1,5,-40
204,-5,4,2,0,-80
205,-5,4,2,1,-80
206,-5,4,2,2,-80
207,-5,4,2,3,-80
208,-5,4,2,4,#NAME?
209,-5,4,2,5,-40
210,-5,4,3,0,-80
211,-5,4,3,1,-80
212,-5,4,3,2,-80
213,-5,4,3,3,-80
214,-5,4,3,4,-50
215,-5,4,3,5,-40
216,-5,4,4,0,-80
217,-5,4,4,1,-80
218,-5,4,4,2,-80
219,-5,4,4,3,-80
220,-5,4,4,4,-50
221,-5,4,4,5,-40
222,-5,4,5,0,-80
223,-5,4,5,1,-80
224,-5,4,5,2,-80
225,-5,4,5,3,-80
226,-5,4,5,4,-50
227,-5,4,5,5,-40
228,-5,4,6,0,-80
229,-5,4,6,1,-80
230,-5,4,6,2,-80
231,-5,4,6,3,-80
232,-5,4,6,4,-50
233,-5,4,6,5,-40
234,-5,4,7,0,-80
235,-5,4,7,1,-80
236,-5,4,7,2,-80
237,-5,4,7,3,-80
238,-5,4,7,4,-50
239,-5,4,7,5,-40
240,-5,5,0,0,-80
241,-5,5,0,1,-80
242,-5,5,0,2,-80
243,-5,5,0,3,-80
244,-5,5,0,4,-80
245,-5,5,0,5,-50
246,-5,5,1,0,-80
247,-5,5,1,1,-80
248,-5,5,1,2,-80
249,-5,5,1,3,-80
250,-5,5,1,4,-80
251,-5,5,1,5,-50
252,-5,5,2,0,-80
253,-5,5,2,1,-80
254,-5,5,2,2,-80
255,-5,5,2,3,-80
256,-5,5,2,4,-80
257,-5,5,2,5,-50
258,-5,5,3,0,-80
259,-5,5,3,1,-80
260,-5,5,3,2,-80
261,-5,5,3,3,#NAME?
262,-5,5,3,4,-80
263,-5,5,3,5,-50
264,-5,5,4,0,-80
265,-5,5,4,1,-80
266,-5,5,4,2,-80
267,-5,5,4,3,-80
268,-5,5,4,4,-80
269,-5,5,4,5,-50
270,-5,5,5,0,-80
271,-5,5,5,1,-80
272,-5,5,5,2,-80
273,-5,5,5,3,-80
274,-5,5,5,4,-80
275,-5,5,5,5,-50
276,-5,5,6,0,-80
277,-5,5,6,1,-80
278,-5,5,6,2,-80
279,-5,5,6,3,-80
280,-5,5,6,4,-80
281,-5,5,6,5,-50
282,-5,5,7,0,-80
283,-5,5,7,1,-80
284,-5,5,7,2,-80
285,-5,5,7,3,-80
286,-5,5,7,4,-80
287,-5,5,7,5,-50
288,-5,6,0,0,-80
289,-5,6,0,1,-80
290,-5,6,0,2,-80
291,-5,6,0,3,-80
292,-5,6,0,4,-80
293,-5,6,0,5,-80
294,-5,6,1,0,-80
295,-5,6,1,1,-80
296,-5,6,1,2,-80
297,-5,6,1,3,-80
298,-5,6,1,4,-80
299,-5,6,1,5,-80
300,-5,6,2,0,-80
301,-5,6,2,1,-80
302,-5,6,2,2,-80
303,-5,6,2,3,-80
304,-5,6,2,4,-80
305,-5,6,2,5,-80
306,-5,6,3,0,-80
307,-5,6,3,1,-80
308,-5,6,3,2,-80
309,-5,6,3,3,-80
310,-5,6,3,4,-80
311,-5,6,3,5,-80
312,-5,6,4,0,-80
313,-5,6,4,1,-80
314,-5,6,4,2,-80
315,-5,6,4,3,-80
316,-5,6,4,4,-80
317,-5,6,4,5,-80
318,-5,6,5,0,-80
319,-5,6,5,1,-80
320,-5,6,5,2,-80
321,-5,6,5,3,-80
322,-5,6,5,4,#NAME?
323,-5,6,5,5,-80
324,-5,6,6,0,-80
325,-5,6,6,1,-80
326,-5,6,6,2,-80
327,-5,6,6,3,-80
328,-5,6,6,4,-80
329,-5,6,6,5,-80
330,-5,6,7,0,-80
331,-5,6,7,1,-80
332,-5,6,7,2,-80
333,-5,6,7,3,-80
334,-5,6,7,4,-80
335,-5,6,7,5,-80
336,-5,7,0,0,-80
337,-5,7,0,1,-80
338,-5,7,0,2,-80
339,-5,7,0,3,-80
340,-5,7,0,4,-80
341,-5,7,0,5,-80
342,-5,7,1,0,-80
343,-5,7,1,1,-80
344,-5,7,1,2,-80
345,-5,7,1,3,-80
346,-5,7,1,4,-80
347,-5,7,1,5,-80
348,-5,7,2,0,-80
349,-5,7,2,1,-80
350,-5,7,2,2,-80
351,-5,7,2,3,-80
352,-5,7,2,4,-80
353,-5,7,2,5,-80
354,-5,7,3,0,-80
355,-5,7,3,1,-80
356,-5,7,3,2,-80
357,-5,7,3,3,-80
358,-5,7,3,4,-80
359,-5,7,3,5,-80
360,-5,7,4,0,-80
361,-5,7,4,1,-80
362,-5,7,4,2,-80
363,-5,7,4,3,-80
364,-5,7,4,4,-80
365,-5,7,4,5,-80
366,-5,7,5,0,-80
367,-5,7,5,1,-80
368,-5,7,5,2,-80
369,-5,7,5,3,-80
370,-5,7,5,4,-80
371,-5,7,5,5,-80
372,-5,7,6,0,-80
373,-5,7,6,1,-80
374,-5,7,6,2,-80
375,-5,7,6,3,-80
376,-5,7,6,4,-80
377,-5,7,6,5,-80
378,-5,7,7,0,-80
379,-5,7,7,1,-80
380,-5,7,7,2,-80
381,-5,7,7,3,-80
382,-5,7,7,4,-80
383,-5,7,7,5,-80
384,-4,0,0,0,-40
385,-4,0,0,1,-30
386,-4,0,0,2,-20
387,-4,0,0,3,#NAME?
388,-4,0,0,4,7
389,-4,0,0,5,7
390,-4,0,1,0,-40
391,-4,0,1,1,-30
392,-4,0,1,2,-20
393,-4,0,1,3,-10
394,-4,0,1,4,7
395,-4,0,1,5,7
396,-4,0,2,0,-40
397,-4,0,2,1,-30
398,-4,0,2,2,-20
399,-4,0,2,3,-10
400,-4,0,2,4,7
401,-4,0,2,5,#NAME?
402,-4,0,3,0,-40
403,-4,0,3,1,-30
404,-4,0,3,2,-20
405,-4,0,3,3,-10
406,-4,0,3,4,7
407,-4,0,3,5,7
408,-4,0,4,0,-40
409,-4,0,4,1,-30
410,-4,0,4,2,-20
411,-4,0,4,3,-10
412,-4,0,4,4,7
413,-4,0,4,5,7
414,-4,0,5,0,-40
415,-4,0,5,1,-30
416,-4,0,5,2,-20
417,-4,0,5,3,-10
418,-4,0,5,4,7
419,-4,0,5,5,7
420,-4,0,6,0,-40
421,-4,0,6,1,-30
422,-4,0,6,2,-20
423,-4,0,6,3,-10
424,-4,0,6,4,7
425,-4,0,6,5,8
426,-4,0,7,0,-40
427,-4,0,7,1,-30
428,-4,0,7,2,-20
429,-4,0,7,3,-10
430,-4,0,7,4,7
431,-4,0,7,5,8
432,-4,1,0,0,-50
433,-4,1,0,1,-40
434,-4,1,0,2,-30
435,-4,1,0,3,-20
436,-4,1,0,4,-10
437,-4,1,0,5,7
438,-4,1,1,0,-50
439,-4,1,1,1,-40
440,-4,1,1,2,#NAME?
441,-4,1,1,3,-20
442,-4,1,1,4,-10
443,-4,1,1,5,7
444,-4,1,2,0,-50
445,-4,1,2,1,-40
446,-4,1,2,2,-30
447,-4,1,2,3,-20
448,-4,1,2,4,-10
449,-4,1,2,5,7
450,-4,1,3,0,-50
451,-4,1,3,1,-40
452,-4,1,3,2,-30
453,-4,1,3,3,-20
454,-4,1,3,4,-10
455,-4,1,3,5,7
456,-4,1,4,0,-50
457,-4,1,4,1,-40
458,-4,1,4,2,-30
459,-4,1,4,3,-20
460,-4,1,4,4,-10
461,-4,1,4,5,7
462,-4,1,5,0,-50
463,-4,1,5,1,-40
464,-4,1,5,2,-30
465,-4,1,5,3,-20
466,-4,1,5,4,-10
467,-4,1,5,5,7
468,-4,1,6,0,-50
469,-4,1,6,1,-40
470,-4,1,6,2,-30
471,-4,1,6,3,-20
472,-4,1,6,4,-10
473,-4,1,6,5,#NAME?
474,-4,1,7,0,-50
475,-4,1,7,1,#NAME?
476,-4,1,7,2,-30
477,-4,1,7,3,-20
478,-4,1,7,4,-10
479,-4,1,7,5,7
480,-4,2,0,0,-80
481,-4,2,0,1,-50
482,-4,2,0,2,-40
483,-4,2,0,3,-30
484,-4,2,0,4,-20
485,-4,2,0,5,-10
486,-4,2,1,0,-80
487,-4,2,1,1,-50
488,-4,2,1,2,-40
489,-4,2,1,3,-30
490,-4,2,1,4,-20
491,-4,2,1,5,-10
492,-4,2,2,0,-80
493,-4,2,2,1,-50
494,-4,2,2,2,-40
495,-4,2,2,3,-30
496,-4,2,2,4,-20
497,-4,2,2,5,-10
498,-4,2,3,0,-80
499,-4,2,3,1,-50
500,-4,2,3,2,-40
501,-4,2,3,3,-30
502,-4,2,3,4,-20
503,-4,2,3,5,-10
504,-4,2,4,0,-80
505,-4,2,4,1,-50
506,-4,2,4,2,-40
507,-4,2,4,3,#NAME?
508,-4,2,4,4,-20
509,-4,2,4,5,-10
510,-4,2,5,0,-80
511,-4,2,5,1,-50
512,-4,2,5,2,-40
513,-4,2,5,3,-30
514,-4,2,5,4,-20
515,-4,2,5,5,-10
516,-4,2,6,0,-80
517,-4,2,6,1,-50
518,-4,2,6,2,-40
519,-4,2,6,3,-30
520,-4,2,6,4,-20
521,-4,2,6,5,-10
522,-4,2,7,0,-80
523,-4,2,7,1,-50
524,-4,2,7,2,-40
525,-4,2,7,3,-30
526,-4,2,7,4,-20
527,-4,2,7,5,-10
528,-4,3,0,0,-80
529,-4,3,0,1,-80
530,-4,3,0,2,-50
531,-4,3,0,3,-40
532,-4,3,0,4,-30
533,-4,3,0,5,-20
534,-4,3,1,0,-80
535,-4,3,1,1,-80
536,-4,3,1,2,-50
537,-4,3,1,3,-40
538,-4,3,1,4,-30
539,-4,3,1,5,-20
540,-4,3,2,0,-80
541,-4,3,2,1,-80
542,-4,3,2,2,-50
543,-4,3,2,3,-40
544,-4,3,2,4,-30
545,-4,3,2,5,-20
546,-4,3,3,0,-80
547,-4,3,3,1,-80
548,-4,3,3,2,-50
549,-4,3,3,3,-40
550,-4,3,3,4,-30
551,-4,3,3,5,-20
552,-4,3,4,0,-80
553,-4,3,4,1,-80
554,-4,3,4,2,-50
555,-4,3,4,3,-40
556,-4,3,4,4,-30
557,-4,3,4,5,-20
558,-4,3,5,0,-80
559,-4,3,5,1,-80
560,-4,3,5,2,-50
561,-4,3,5,3,-40
562,-4,3,5,4,-30
563,-4,3,5,5,-20
564,-4,3,6,0,-80
565,-4,3,6,1,-80
566,-4,3,6,2,-50
567,-4,3,6,3,-40
568,-4,3,6,4,-30
569,-4,3,6,5,-20
570,-4,3,7,0,-80
571,-4,3,7,1,-80
572,-4,3,7,2,-50
573,-4,3,7,3,-40
574,-4,3,7,4,-30
575,-4,3,7,5,-20
576,-4,4,0,0,-80
577,-4,4,0,1,-80
578,-4,4,0,2,#NAME?
579,-4,4,0,3,-50
580,-4,4,0,4,-40
581,-4,4,0,5,-30
582,-4,4,1,0,-80
583,-4,4,1,1,-80
584,-4,4,1,2,-80
585,-4,4,1,3,-50
586,-4,4,1,4,-40
587,-4,4,1,5,#NAME?
588,-4,4,2,0,-80
589,-4,4,2,1,-80
590,-4,4,2,2,-80
591,-4,4,2,3,-50
592,-4,4,2,4,-40
593,-4,4,2,5,-30
594,-4,4,3,0,-80
595,-4,4,3,1,-80
596,-4,4,3,2,-80
597,-4,4,3,3,-50
598,-4,4,3,4,-40
599,-4,4,3,5,#NAME?
600,-4,4,4,0,-80
601,-4,4,4,1,-80
602,-4,4,4,2,-80
603,-4,4,4,3,-50
604,-4,4,4,4,-40
605,-4,4,4,5,-30
606,-4,4,5,0,-80
607,-4,4,5,1,-80
608,-4,4,5,2,-80
609,-4,4,5,3,-50
610,-4,4,5,4,-40
611,-4,4,5,5,-30
612,-4,4,6,0,-80
613,-4,4,6,1,-80
614,-4,4,6,2,-80
615,-4,4,6,3,-50
616,-4,4,6,4,-40
617,-4,4,6,5,-30
618,-4,4,7,0,-80
619,-4,4,7,1,#NAME?
620,-4,4,7,2,-80
621,-4,4,7,3,-50
622,-4,4,7,4,-40
623,-4,4,7,5,-30
624,-4,5,0,0,-80
625,-4,5,0,1,#NAME?
626,-4,5,0,2,-80
627,-4,5,0,3,-80
628,-4,5,0,4,-50
629,-4,5,0,5,-40
630,-4,5,1,0,-80
631,-4,5,1,1,-80
632,-4,5,1,2,-80
633,-4,5,1,3,-80
634,-4,5,1,4,-50
635,-4,5,1,5,#NAME?
636,-4,5,2,0,-80
637,-4,5,2,1,-80
638,-4,5,2,2,-80
639,-4,5,2,3,-80
640,-4,5,2,4,-50
641,-4,5,2,5,#NAME?
642,-4,5,3,0,-80
643,-4,5,3,1,-80
644,-4,5,3,2,-80
645,-4,5,3,3,-80
646,-4,5,3,4,-50
647,-4,5,3,5,-40
648,-4,5,4,0,-80
649,-4,5,4,1,-80
650,-4,5,4,2,-80
651,-4,5,4,3,-80
652,-4,5,4,4,-50
653,-4,5,4,5,-40
654,-4,5,5,0,-80
655,-4,5,5,1,-80
656,-4,5,5,2,-80
657,-4,5,5,3,-80
658,-4,5,5,4,-50
659,-4,5,5,5,-40
660,-4,5,6,0,-80
661,-4,5,6,1,-80
662,-4,5,6,2,-80
663,-4,5,6,3,-80
664,-4,5,6,4,-50
665,-4,5,6,5,-40
666,-4,5,7,0,-80
667,-4,5,7,1,-80
668,-4,5,7,2,-80
669,-4,5,7,3,-80
670,-4,5,7,4,-50
671,-4,5,7,5,-40
672,-4,6,0,0,-80
673,-4,6,0,1,-80
674,-4,6,0,2,-80
675,-4,6,0,3,-80
676,-4,6,0,4,#NAME?
677,-4,6,0,5,-50
678,-4,6,1,0,-80
679,-4,6,1,1,-80
680,-4,6,1,2,-80
681,-4,6,1,3,-80
682,-4,6,1,4,-80
683,-4,6,1,5,-50
684,-4,6,2,0,-80
685,-4,6,2,1,-80
686,-4,6,2,2,-80
687,-4,6,2,3,-80
688,-4,6,2,4,-80
689,-4,6,2,5,-50
690,-4,6,3,0,-80
691,-4,6,3,1,-80
692,-4,6,3,2,-80
693,-4,6,3,3,-80
694,-4,6,3,4,-80
695,-4,6,3,5,-50
696,-4,6,4,0,-80
697,-4,6,4,1,-80
698,-4,6,4,2,-80
699,-4,6,4,3,-80
700,-4,6,4,4,-80
701,-4,6,4,5,-50
702,-4,6,5,0,-80
703,-4,6,5,1,-80
704,-4,6,5,2,-80
705,-4,6,5,3,-80
706,-4,6,5,4,-80
707,-4,6,5,5,#NAME?
708,-4,6,6,0,-80
709,-4,6,6,1,-80
710,-4,6,6,2,-80
711,-4,6,6,3,-80
712,-4,6,6,4,-80
713,-4,6,6,5,-50
714,-4,6,7,0,-80
715,-4,6,7,1,-80
716,-4,6,7,2,-80
717,-4,6,7,3,-80
718,-4,6,7,4,-80
719,-4,6,7,5,-50
720,-4,7,0,0,-80
721,-4,7,0,1,-80
722,-4,7,0,2,-80
723,-4,7,0,3,-80
724,-4,7,0,4,-80
725,-4,7,0,5,-80
726,-4,7,1,0,-80
727,-4,7,1,1,-80
728,-4,7,1,2,-80
729,-4,7,1,3,-80
730,-4,7,1,4,-80
731,-4,7,1,5,-80
732,-4,7,2,0,-80
733,-4,7,2,1,-80
734,-4,7,2,2,-80
735,-4,7,2,3,-80
736,-4,7,2,4,-80
737,-4,7,2,5,-80
738,-4,7,3,0,-80
739,-4,7,3,1,-80
740,-4,7,3,2,-80
741,-4,7,3,3,-80
742,-4,7,3,4,-80
743,-4,7,3,5,#NAME?
744,-4,7,4,0,-80
745,-4,7,4,1,-80
746,-4,7,4,2,-80
747,-4,7,4,3,-80
748,-4,7,4,4,-80
749,-4,7,4,5,-80
750,-4,7,5,0,-80
751,-4,7,5,1,-80
752,-4,7,5,2,-80
753,-4,7,5,3,-80
754,-4,7,5,4,-80
755,-4,7,5,5,-80
756,-4,7,6,0,-80
757,-4,7,6,1,#NAME?
758,-4,7,6,2,-80
759,-4,7,6,3,-80
760,-4,7,6,4,-80
761,-4,7,6,5,-80
762,-4,7,7,0,-80
763,-4,7,7,1,-80
764,-4,7,7,2,-80
765,-4,7,7,3,#NAME?
766,-4,7,7,4,-80
767,-4,7,7,5,-80
768,-3,0,0,0,#NAME?
769,-3,0,0,1,-20
770,-3,0,0,2,-10
771,-3,0,0,3,7
772,-3,0,0,4,7
773,-3,0,0,5,7
774,-3,0,1,0,-30
775,-3,0,1,1,-20
776,-3,0,1,2,-10
777,-3,0,1,3,7
778,-3,0,1,4,7
779,-3,0,1,5,7
780,-3,0,2,0,-30
781,-3,0,2,1,-20
782,-3,0,2,2,-10
783,-3,0,2,3,7
784,-3,0,2,4,7
785,-3,0,2,5,7
786,-3,0,3,0,-30
787,-3,0,3,1,-20
788,-3,0,3,2,-10
789,-3,0,3,3,7
790,-3,0,3,4,7
791,-3,0,3,5,7
792,-3,0,4,0,-30
793,-3,0,4,1,-20
794,-3,0,4,2,-10
795,-3,0,4,3,7
796,-3,0,4,4,7
797,-3,0,4,5,7
798,-3,0,5,0,-30
799,-3,0,5,1,-20
800,-3,0,5,2,-10
801,-3,0,5,3,7
802,-3,0,5,4,7
803,-3,0,5,5,7
804,-3,0,6,0,-30
805,-3,0,6,1,-20
806,-3,0,6,2,-10
807,-3,0,6,3,7
808,-3,0,6,4,8
809,-3,0,6,5,8
810,-3,0,7,0,-30
811,-3,0,7,1,-20
812,-3,0,7,2,-10
813,-3,0,7,3,7
814,-3,0,7,4,8
815,-3,0,7,5,9
816,-3,1,0,0,-40
817,-3,1,0,1,-30
818,-3,1,0,2,-20
819,-3,1,0,3,-10
820,-3,1,0,4,7
821,-3,1,0,5,7
822,-3,1,1,0,-40
823,-3,1,1,1,-30
824,-3,1,1,2,-20
825,-3,1,1,3,-10
826,-3,1,1,4,7
827,-3,1,1,5,7
828,-3,1,2,0,-40
829,-3,1,2,1,-30
830,-3,1,2,2,-20
831,-3,1,2,3,-10
832,-3,1,2,4,7
833,-3,1,2,5,7
834,-3,1,3,0,-40
835,-3,1,3,1,-30
836,-3,1,3,2,-20
837,-3,1,3,3,-10
838,-3,1,3,4,7
839,-3,1,3,5,7
840,-3,1,4,0,-40
841,-3,1,4,1,-30
842,-3,1,4,2,-20
843,-3,1,4,3,-10
844,-3,1,4,4,7
845,-3,1,4,5,7
846,-3,1,5,0,-40
847,-3,1,5,1,#NAME?
848,-3,1,5,2,-20
849,-3,1,5,3,-10
850,-3,1,5,4,7
851,-3,1,5,5,#NAME?
852,-3,1,6,0,-40
853,-3,1,6,1,-30
854,-3,1,6,2,-20
855,-3,1,6,3,-10
856,-3,1,6,4,7
857,-3,1,6,5,#NAME?
858,-3,1,7,0,-40
859,-3,1,7,1,-30
860,-3,1,7,2,#NAME?
861,-3,1,7,3,-10
862,-3,1,7,4,7
863,-3,1,7,5,8
864,-3,2,0,0,-50
865,-3,2,0,1,-40
866,-3,2,0,2,-30
867,-3,2,0,3,-20
868,-3,2,0,4,-10
869,-3,2,0,5,7
870,-3,2,1,0,-50
871,-3,2,1,1,-40
872,-3,2,1,2,-30
873,-3,2,1,3,-20
874,-3,2,1,4,-10
875,-3,2,1,5,7
876,-3,2,2,0,-50
877,-3,2,2,1,-40
878,-3,2,2,2,-30
879,-3,2,2,3,#NAME?
880,-3,2,2,4,-10
881,-3,2,2,5,7
882,-3,2,3,0,-50
883,-3,2,3,1,-40
884,-3,2,3,2,-30
885,-3,2,3,3,-20
886,-3,2,3,4,-10
887,-3,2,3,5,7
888,-3,2,4,0,-50
889,-3,2,4,1,-40
890,-3,2,4,2,-30
891,-3,2,4,3,-20
892,-3,2,4,4,-10
893,-3,2,4,5,7
894,-3,2,5,0,-50
895,-3,2,5,1,#NAME?
896,-3,2,5,2,-30
897,-3,2,5,3,-20
898,-3,2,5,4,-10
899,-3,2,5,5,7
900,-3,2,6,0,-50
901,-3,2,6,1,-40
902,-3,2,6,2,-30
903,-3,2,6,3,-20
904,-3,2,6,4,-10
905,-3,2,6,5,7
906,-3,2,7,0,-50
907,-3,2,7,1,-40
908,-3,2,7,2,-30
909,-3,2,7,3,-20
910,-3,2,7,4,-10
911,-3,2,7,5,7
912,-3,3,0,0,-80
913,-3,3,0,1,-50
914,-3,3,0,2,-40
915,-3,3,0,3,-30
916,-3,3,0,4,-20
917,-3,3,0,5,-10
918,-3,3,1,0,-80
919,-3,3,1,1,-50
920,-3,3,1,2,-40
921,-3,3,1,3,-30
922,-3,3,1,4,-20
923,-3,3,1,5,-10
924,-3,3,2,0,-80
925,-3,3,2,1,-50
926,-3,3,2,2,-40
927,-3,3,2,3,-30
928,-3,3,2,4,-20
929,-3,3,2,5,-10
930,-3,3,3,0,-80
931,-3,3,3,1,-50
932,-3,3,3,2,-40
933,-3,3,3,3,-30
934,-3,3,3,4,-20
935,-3,3,3,5,-10
936,-3,3,4,0,-80
937,-3,3,4,1,-50
938,-3,3,4,2,#NAME?
939,-3,3,4,3,-30
940,-3,3,4,4,-20
941,-3,3,4,5,#NAME?
942,-3,3,5,0,-80
943,-3,3,5,1,-50
944,-3,3,5,2,-40
945,-3,3,5,3,-30
946,-3,3,5,4,-20
947,-3,3,5,5,-10
948,-3,3,6,0,-80
949,-3,3,6,1,-50
950,-3,3,6,2,-40
951,-3,3,6,3,-30
952,-3,3,6,4,-20
953,-3,3,6,5,-10
954,-3,3,7,0,-80
955,-3,3,7,1,-50
956,-3,3,7,2,#NAME?
957,-3,3,7,3,-30
958,-3,3,7,4,-20
959,-3,3,7,5,-10
960,-3,4,0,0,-80
961,-3,4,0,1,-80
962,-3,4,0,2,-50
963,-3,4,0,3,-40
964,-3,4,0,4,-30
965,-3,4,0,5,-20
966,-3,4,1,0,-80
967,-3,4,1,1,-80
968,-3,4,1,2,-50
969,-3,4,1,3,-40
970,-3,4,1,4,-30
971,-3,4,1,5,-20
972,-3,4,2,0,-80
973,-3,4,2,1,-80
974,-3,4,2,2,-50
975,-3,4,2,3,-40
976,-3,4,2,4,-30
977,-3,4,2,5,-20
978,-3,4,3,0,-80
979,-3,4,3,1,-80
980,-3,4,3,2,-50
981,-3,4,3,3,-40
982,-3,4,3,4,-30
983,-3,4,3,5,-20
984,-3,4,4,0,-80
985,-3,4,4,1,-80
986,-3,4,4,2,-50
987,-3,4,4,3,-40
988,-3,4,4,4,-30
989,-3,4,4,5,-20
990,-3,4,5,0,-80
991,-3,4,5,1,-80
992,-3,4,5,2,#NAME?
993,-3,4,5,3,-40
994,-3,4,5,4,-30
995,-3,4,5,5,-20
996,-3,4,6,0,-80
997,-3,4,6,1,#NAME?
998,-3,4,6,2,-50
999,-3,4,6,3,-40
1000,-3,4,6,4,-30
1001,-3,4,6,5,-20
1002,-3,4,7,0,-80
1003,-3,4,7,1,-80
1004,-3,4,7,2,-50
1005,-3,4,7,3,-40
1006,-3,4,7,4,-30
1007,-3,4,7,5,-20
1008,-3,5,0,0,-80
1009,-3,5,0,1,-80
1010,-3,5,0,2,-80
1011,-3,5,0,3,-50
1012,-3,5,0,4,-40
1013,-3,5,0,5,-30
1014,-3,5,1,0,-80
1015,-3,5,1,1,-80
1016,-3,5,1,2,-80
1017,-3,5,1,3,-50
1018,-3,5,1,4,-40
1019,-3,5,1,5,-30
1020,-3,5,2,0,-80
1021,-3,5,2,1,-80
1022,-3,5,2,2,-80
1023,-3,5,2,3,-50
1024,-3,5,2,4,-40
1025,-3,5,2,5,-30
1026,-3,5,3,0,-80
1027,-3,5,3,1,-80
1028,-3,5,3,2,-80
1029,-3,5,3,3,-50
1030,-3,5,3,4,-40
1031,-3,5,3,5,-30
1032,-3,5,4,0,-80
1033,-3,5,4,1,-80
1034,-3,5,4,2,#NAME?
1035,-3,5,4,3,-50
1036,-3,5,4,4,-40
1037,-3,5,4,5,-30
1038,-3,5,5,0,-80
1039,-3,5,5,1,-80
1040,-3,5,5,2,-80
1041,-3,5,5,3,-50
1042,-3,5,5,4,-40
1043,-3,5,5,5,-30
1044,-3,5,6,0,-80
1045,-3,5,6,1,-80
1046,-3,5,6,2,-80
1047,-3,5,6,3,-50
1048,-3,5,6,4,-40
1049,-3,5,6,5,-30
1050,-3,5,7,0,-80
1051,-3,5,7,1,-80
1052,-3,5,7,2,-80
1053,-3,5,7,3,-50
1054,-3,5,7,4,-40
1055,-3,5,7,5,-30
1056,-3,6,0,0,-80
1057,-3,6,0,1,-80
1058,-3,6,0,2,-80
1059,-3,6,0,3,-80
1060,-3,6,0,4,-50
1061,-3,6,0,5,-40
1062,-3,6,1,0,-80
1063,-3,6,1,1,-80
1064,-3,6,1,2,-80
1065,-3,6,1,3,-80
1066,-3,6,1,4,-50
1067,-3,6,1,5,-40
1068,-3,6,2,0,-80
1069,-3,6,2,1,#NAME?
1070,-3,6,2,2,-80
1071,-3,6,2,3,-80
1072,-3,6,2,4,-50
1073,-3,6,2,5,-40
1074,-3,6,3,0,-80
1075,-3,6,3,1,-80
1076,-3,6,3,2,-80
1077,-3,6,3,3,-80
1078,-3,6,3,4,-50
1079,-3,6,3,5,-40
1080,-3,6,4,0,-80
1081,-3,6,4,1,-80
1082,-3,6,4,2,-80
1083,-3,6,4,3,-80
1084,-3,6,4,4,-50
1085,-3,6,4,5,-40
1086,-3,6,5,0,-80
1087,-3,6,5,1,-80
1088,-3,6,5,2,-80
1089,-3,6,5,3,-80
1090,-3,6,5,4,-50
1091,-3,6,5,5,-40
1092,-3,6,6,0,-80
1093,-3,6,6,1,-80
1094,-3,6,6,2,-80
1095,-3,6,6,3,-80
1096,-3,6,6,4,-50
1097,-3,6,6,5,-40
1098,-3,6,7,0,-80
1099,-3,6,7,1,-80
1100,-3,6,7,2,-80
1101,-3,6,7,3,-80
1102,-3,6,7,4,-50
1103,-3,6,7,5,-40
1104,-3,7,0,0,-80
1105,-3,7,0,1,-80
1106,-3,7,0,2,-80
1107,-3,7,0,3,-80
1108,-3,7,0,4,-80
1109,-3,7,0,5,-50
1110,-3,7,1,0,-80
1111,-3,7,1,1,-80
1112,-3,7,1,2,-80
1113,-3,7,1,3,-80
1114,-3,7,1,4,-80
1115,-3,7,1,5,-50
1116,-3,7,2,0,-80
1117,-3,7,2,1,-80
1118,-3,7,2,2,-80
1119,-3,7,2,3,-80
1120,-3,7,2,4,-80
1121,-3,7,2,5,-50
1122,-3,7,3,0,-80
1123,-3,7,3,1,#NAME?
1124,-3,7,3,2,-80
1125,-3,7,3,3,-80
1126,-3,7,3,4,-80
1127,-3,7,3,5,-50
1128,-3,7,4,0,-80
1129,-3,7,4,1,-80
1130,-3,7,4,2,#NAME?
1131,-3,7,4,3,-80
1132,-3,7,4,4,-80
1133,-3,7,4,5,-50
1134,-3,7,5,0,-80
1135,-3,7,5,1,-80
1136,-3,7,5,2,-80
1137,-3,7,5,3,-80
1138,-3,7,5,4,-80
1139,-3,7,5,5,-50
1140,-3,7,6,0,-80
1141,-3,7,6,1,-80
1142,-3,7,6,2,#NAME?
1143,-3,7,6,3,-80
1144,-3,7,6,4,-80
1145,-3,7,6,5,-50
1146,-3,7,7,0,-80
1147,-3,7,7,1,-80
1148,-3,7,7,2,-80
1149,-3,7,7,3,-80
1150,-3,7,7,4,-80
1151,-3,7,7,5,-50
1152,-2,0,0,0,-20
1153,-2,0,0,1,-10
1154,-2,0,0,2,7
1155,-2,0,0,3,7
1156,-2,0,0,4,7
1157,-2,0,0,5,7
1158,-2,0,1,0,-20
1159,-2,0,1,1,-10
1160,-2,0,1,2,7
1161,-2,0,1,3,7
1162,-2,0,1,4,7
1163,-2,0,1,5,7
1164,-2,0,2,0,-20
1165,-2,0,2,1,-10
1166,-2,0,2,2,7
1167,-2,0,2,3,7
1168,-2,0,2,4,7
1169,-2,0,2,5,7
1170,-2,0,3,0,-20
1171,-2,0,3,1,-10
1172,-2,0,3,2,7
1173,-2,0,3,3,7
1174,-2,0,3,4,7
1175,-2,0,3,5,7
1176,-2,0,4,0,-20
1177,-2,0,4,1,-10
1178,-2,0,4,2,7
1179,-2,0,4,3,7
1180,-2,0,4,4,7
1181,-2,0,4,5,7
1182,-2,0,5,0,-20
1183,-2,0,5,1,-10
1184,-2,0,5,2,7
1185,-2,0,5,3,7
1186,-2,0,5,4,7
1187,-2,0,5,5,7
1188,-2,0,6,0,-20
1189,-2,0,6,1,-10
1190,-2,0,6,2,7
1191,-2,0,6,3,8
1192,-2,0,6,4,8
1193,-2,0,6,5,8
1194,-2,0,7,0,-20
1195,-2,0,7,1,-10
1196,-2,0,7,2,7
1197,-2,0,7,3,8
1198,-2,0,7,4,9
1199,-2,0,7,5,9
1200,-2,1,0,0,-30
1201,-2,1,0,1,-20
1202,-2,1,0,2,-10
1203,-2,1,0,3,7
1204,-2,1,0,4,7
1205,-2,1,0,5,7
1206,-2,1,1,0,-30
1207,-2,1,1,1,-20
1208,-2,1,1,2,-10
1209,-2,1,1,3,7
1210,-2,1,1,4,7
1211,-2,1,1,5,7
1212,-2,1,2,0,-30
1213,-2,1,2,1,-20
1214,-2,1,2,2,-10
1215,-2,1,2,3,7
1216,-2,1,2,4,7
1217,-2,1,2,5,7
1218,-2,1,3,0,-30
1219,-2,1,3,1,-20
1220,-2,1,3,2,-10
1221,-2,1,3,3,7
1222,-2,1,3,4,7
1223,-2,1,3,5,7
1224,-2,1,4,0,-30
1225,-2,1,4,1,-20
1226,-2,1,4,2,-10
1227,-2,1,4,3,7
1228,-2,1,4,4,7
1229,-2,1,4,5,7
1230,-2,1,5,0,-30
1231,-2,1,5,1,-20
1232,-2,1,5,2,-10
1233,-2,1,5,3,7
1234,-2,1,5,4,7
1235,-2,1,5,5,7
1236,-2,1,6,0,-30
1237,-2,1,6,1,-20
1238,-2,1,6,2,-10
1239,-2,1,6,3,7
1240,-2,1,6,4,8
1241,-2,1,6,5,8
1242,-2,1,7,0,-30
1243,-2,1,7,1,-20
1244,-2,1,7,2,-10
1245,-2,1,7,3,7
1246,-2,1,7,4,#NAME?
1247,-2,1,7,5,9
1248,-2,2,0,0,-40
1249,-2,2,0,1,-30
1250,-2,2,0,2,-20
1251,-2,2,0,3,-10
1252,-2,2,0,4,7
1253,-2,2,0,5,7
1254,-2,2,1,0,-40
1255,-2,2,1,1,-30
1256,-2,2,1,2,-20
1257,-2,2,1,3,-10
1258,-2,2,1,4,7
1259,-2,2,1,5,7
1260,-2,2,2,0,-40
1261,-2,2,2,1,-30
1262,-2,2,2,2,-20
1263,-2,2,2,3,-10
1264,-2,2,2,4,7
1265,-2,2,2,5,7
1266,-2,2,3,0,-40
1267,-2,2,3,1,-30
1268,-2,2,3,2,-20
1269,-2,2,3,3,-10
1270,-2,2,3,4,7
1271,-2,2,3,5,7
1272,-2,2,4,0,-40
1273,-2,2,4,1,-30
1274,-2,2,4,2,-20
1275,-2,2,4,3,-10
1276,-2,2,4,4,7
1277,-2,2,4,5,7
1278,-2,2,5,0,-40
1279,-2,2,5,1,-30
1280,-2,2,5,2,-20
1281,-2,2,5,3,-10
1282,-2,2,5,4,7
1283,-2,2,5,5,7
1284,-2,2,6,0,-40
1285,-2,2,6,1,-30
1286,-2,2,6,2,-20
1287,-2,2,6,3,-10
1288,-2,2,6,4,7
1289,-2,2,6,5,8
1290,-2,2,7,0,-40
1291,-2,2,7,1,-30
1292,-2,2,7,2,-20
1293,-2,2,7,3,-10
1294,-2,2,7,4,7
1295,-2,2,7,5,8
1296,-2,3,0,0,-50
1297,-2,3,0,1,-40
1298,-2,3,0,2,-30
1299,-2,3,0,3,-20
1300,-2,3,0,4,-10
1301,-2,3,0,5,7
1302,-2,3,1,0,-50
1303,-2,3,1,1,-40
1304,-2,3,1,2,-30
1305,-2,3,1,3,-20
1306,-2,3,1,4,-10
1307,-2,3,1,5,7
1308,-2,3,2,0,-50
1309,-2,3,2,1,-40
1310,-2,3,2,2,-30
1311,-2,3,2,3,-20
1312,-2,3,2,4,-10
1313,-2,3,2,5,7
1314,-2,3,3,0,-50
1315,-2,3,3,1,-40
1316,-2,3,3,2,-30
1317,-2,3,3,3,-20
1318,-2,3,3,4,-10
1319,-2,3,3,5,7
1320,-2,3,4,0,-50
1321,-2,3,4,1,-40
1322,-2,3,4,2,-30
1323,-2,3,4,3,-20
1324,-2,3,4,4,-10
1325,-2,3,4,5,7
1326,-2,3,5,0,-50
1327,-2,3,5,1,-40
1328,-2,3,5,2,-30
1329,-2,3,5,3,-20
1330,-2,3,5,4,-10
1331,-2,3,5,5,7
1332,-2,3,6,0,-50
1333,-2,3,6,1,-40
1334,-2,3,6,2,-30
1335,-2,3,6,3,-20
1336,-2,3,6,4,-10
1337,-2,3,6,5,7
1338,-2,3,7,0,-50
1339,-2,3,7,1,-40
1340,-2,3,7,2,-30
1341,-2,3,7,3,-20
1342,-2,3,7,4,-10
1343,-2,3,7,5,7
1344,-2,4,0,0,-80
1345,-2,4,0,1,-50
1346,-2,4,0,2,-40
1347,-2,4,0,3,-30
1348,-2,4,0,4,-20
1349,-2,4,0,5,-10
1350,-2,4,1,0,-80
1351,-2,4,1,1,-50
1352,-2,4,1,2,-40
1353,-2,4,1,3,-30
1354,-2,4,1,4,-20
1355,-2,4,1,5,-10
1356,-2,4,2,0,-80
1357,-2,4,2,1,-50
1358,-2,4,2,2,-40
1359,-2,4,2,3,-30
1360,-2,4,2,4,-20
1361,-2,4,2,5,-10
1362,-2,4,3,0,-80
1363,-2,4,3,1,-50
1364,-2,4,3,2,-40
1365,-2,4,3,3,-30
1366,-2,4,3,4,-20
1367,-2,4,3,5,-10
1368,-2,4,4,0,-80
1369,-2,4,4,1,-50
1370,-2,4,4,2,-40
1371,-2,4,4,3,-30
1372,-2,4,4,4,-20
1373,-2,4,4,5,-10
1374,-2,4,5,0,-80
1375,-2,4,5,1,-50
1376,-2,4,5,2,-40
1377,-2,4,5,3,-30
1378,-2,4,5,4,-20
1379,-2,4,5,5,-10
1380,-2,4,6,0,-80
1381,-2,4,6,1,-50
1382,-2,4,6,2,-40
1383,-2,4,6,3,-30
1384,-2,4,6,4,-20
1385,-2,4,6,5,-10
1386,-2,4,7,0,-80
1387,-2,4,7,1,-50
1388,-2,4,7,2,-40
1389,-2,4,7,3,-30
1390,-2,4,7,4,-20
1391,-2,4,7,5,-10
1392,-2,5,0,0,-80
1393,-2,5,0,1,-80
1394,-2,5,0,2,-50
1395,-2,5,0,3,-40
1396,-2,5,0,4,-30
1397,-2,5,0,5,-20
1398,-2,5,1,0,-80
1399,-2,5,1,1,-80
1400,-2,5,1,2,-50
1401,-2,5,1,3,-40
1402,-2,5,1,4,-30
1403,-2,5,1,5,-20
1404,-2,5,2,0,-80
1405,-2,5,2,1,-80
1406,-2,5,2,2,-50
1407,-2,5,2,3,-40
1408,-2,5,2,4,-30
1409,-2,5,2,5,-20
1410,-2,5,3,0,-80
1411,-2,5,3,1,-80
1412,-2,5,3,2,-50
1413,-2,5,3,3,#NAME?
1414,-2,5,3,4,-30
1415,-2,5,3,5,-20
1416,-2,5,4,0,-80
1417,-2,5,4,1,-80
1418,-2,5,4,2,-50
1419,-2,5,4,3,-40
1420,-2,5,4,4,-30
1421,-2,5,4,5,-20
1422,-2,5,5,0,-80
1423,-2,5,5,1,-80
1424,-2,5,5,2,-50
1425,-2,5,5,3,-40
1426,-2,5,5,4,-30
1427,-2,5,5,5,-20
1428,-2,5,6,0,-80
1429,-2,5,6,1,-80
1430,-2,5,6,2,-50
1431,-2,5,6,3,-40
1432,-2,5,6,4,-30
1433,-2,5,6,5,-20
1434,-2,5,7,0,-80
1435,-2,5,7,1,-80
1436,-2,5,7,2,-50
1437,-2,5,7,3,-40
1438,-2,5,7,4,-30
1439,-2,5,7,5,-20
1440,-2,6,0,0,-80
1441,-2,6,0,1,-80
1442,-2,6,0,2,-80
1443,-2,6,0,3,-50
1444,-2,6,0,4,-40
1445,-2,6,0,5,-30
1446,-2,6,1,0,-80
1447,-2,6,1,1,-80
1448,-2,6,1,2,-80
1449,-2,6,1,3,-50
1450,-2,6,1,4,-40
1451,-2,6,1,5,-30
1452,-2,6,2,0,-80
1453,-2,6,2,1,-80
1454,-2,6,2,2,-80
1455,-2,6,2,3,-50
1456,-2,6,2,4,-40
1457,-2,6,2,5,-30
1458,-2,6,3,0,-80
1459,-2,6,3,1,-80
1460,-2,6,3,2,-80
1461,-2,6,3,3,-50
1462,-2,6,3,4,-40
1463,-2,6,3,5,-30
1464,-2,6,4,0,-80
1465,-2,6,4,1,-80
1466,-2,6,4,2,-80
1467,-2,6,4,3,-50
1468,-2,6,4,4,-40
1469,-2,6,4,5,-30
1470,-2,6,5,0,-80
1471,-2,6,5,1,-80
1472,-2,6,5,2,-80
1473,-2,6,5,3,-50
1474,-2,6,5,4,-40
1475,-2,6,5,5,-30
1476,-2,6,6,0,-80
1477,-2,6,6,1,-80
1478,-2,6,6,2,-80
1479,-2,6,6,3,-50
1480,-2,6,6,4,-40
1481,-2,6,6,5,-30
1482,-2,6,7,0,-80
1483,-2,6,7,1,-80
1484,-2,6,7,2,-80
1485,-2,6,7,3,-50
1486,-2,6,7,4,-40
1487,-2,6,7,5,-30
1488,-2,7,0,0,-80
1489,-2,7,0,1,-80
1490,-2,7,0,2,-80
1491,-2,7,0,3,-80
1492,-2,7,0,4,-50
1493,-2,7,0,5,-40
1494,-2,7,1,0,-80
1495,-2,7,1,1,-80
1496,-2,7,1,2,-80
1497,-2,7,1,3,-80
1498,-2,7,1,4,-50
1499,-2,7,1,5,-40
1500,-2,7,2,0,-80
1501,-2,7,2,1,-80
1502,-2,7,2,2,-80
1503,-2,7,2,3,-80
1504,-2,7,2,4,-50
1505,-2,7,2,5,-40
1506,-2,7,3,0,-80
1507,-2,7,3,1,-80
1508,-2,7,3,2,-80
1509,-2,7,3,3,-80
1510,-2,7,3,4,-50
1511,-2,7,3,5,-40
1512,-2,7,4,0,-80
1513,-2,7,4,1,-80
1514,-2,7,4,2,-80
1515,-2,7,4,3,-80
1516,-2,7,4,4,-50
1517,-2,7,4,5,-40
1518,-2,7,5,0,-80
1519,-2,7,5,1,-80
1520,-2,7,5,2,-80
1521,-2,7,5,3,-80
1522,-2,7,5,4,-50
1523,-2,7,5,5,-40
1524,-2,7,6,0,-80
1525,-2,7,6,1,-80
1526,-2,7,6,2,-80
1527,-2,7,6,3,-80
1528,-2,7,6,4,-50
1529,-2,7,6,5,-40
1530,-2,7,7,0,-80
1531,-2,7,7,1,-80
1532,-2,7,7,2,-80
1533,-2,7,7,3,-80
1534,-2,7,7,4,-50
1535,-2,7,7,5,-40
1536,-1,0,0,0,-10
1537,-1,0,0,1,7
1538,-1,0,0,2,7
1539,-1,0,0,3,7
1540,-1,0,0,4,7
1541,-1,0,0,5,7
1542,-1,0,1,0,-10
1543,-1,0,1,1,7
1544,-1,0,1,2,7
1545,-1,0,1,3,7
1546,-1,0,1,4,7
1547,-1,0,1,5,7
1548,-1,0,2,0,-10
1549,-1,0,2,1,7
1550,-1,0,2,2,7
1551,-1,0,2,3,7
1552,-1,0,2,4,7
1553,-1,0,2,5,7
1554,-1,0,3,0,-10
1555,-1,0,3,1,7
1556,-1,0,3,2,7
1557,-1,0,3,3,7
1558,-1,0,3,4,7
1559,-1,0,3,5,7
1560,-1,0,4,0,-10
1561,-1,0,4,1,7
1562,-1,0,4,2,7
1563,-1,0,4,3,7
1564,-1,0,4,4,7
1565,-1,0,4,5,7
1566,-1,0,5,0,-10
1567,-1,0,5,1,7
1568,-1,0,5,2,7
1569,-1,0,5,3,7
1570,-1,0,5,4,7
1571,-1,0,5,5,7
1572,-1,0,6,0,-10
1573,-1,0,6,1,7
1574,-1,0,6,2,8
1575,-1,0,6,3,8
1576,-1,0,6,4,8
1577,-1,0,6,5,8
1578,-1,0,7,0,-10
1579,-1,0,7,1,7
1580,-1,0,7,2,8
1581,-1,0,7,3,9
1582,-1,0,7,4,9
1583,-1,0,7,5,9
1584,-1,1,0,0,-20
1585,-1,1,0,1,-10
1586,-1,1,0,2,7
1587,-1,1,0,3,7
1588,-1,1,0,4,7
1589,-1,1,0,5,7
1590,-1,1,1,0,-20
1591,-1,1,1,1,-10
1592,-1,1,1,2,7
1593,-1,1,1,3,7
1594,-1,1,1,4,7
1595,-1,1,1,5,7
1596,-1,1,2,0,-20
1597,-1,1,2,1,-10
1598,-1,1,2,2,7
1599,-1,1,2,3,7
1600,-1,1,2,4,7
1601,-1,1,2,5,7
1602,-1,1,3,0,-20
1603,-1,1,3,1,-10
1604,-1,1,3,2,7
1605,-1,1,3,3,7
1606,-1,1,3,4,7
1607,-1,1,3,5,7
1608,-1,1,4,0,-20
1609,-1,1,4,1,-10
1610,-1,1,4,2,7
1611,-1,1,4,3,7
1612,-1,1,4,4,7
1613,-1,1,4,5,7
1614,-1,1,5,0,-20
1615,-1,1,5,1,-10
1616,-1,1,5,2,7
1617,-1,1,5,3,7
1618,-1,1,5,4,7
1619,-1,1,5,5,7
1620,-1,1,6,0,-20
1621,-1,1,6,1,-10
1622,-1,1,6,2,7
1623,-1,1,6,3,8
1624,-1,1,6,4,8
1625,-1,1,6,5,8
1626,-1,1,7,0,-20
1627,-1,1,7,1,-10
1628,-1,1,7,2,7
1629,-1,1,7,3,8
1630,-1,1,7,4,9
1631,-1,1,7,5,9
1632,-1,2,0,0,-30
1633,-1,2,0,1,-20
1634,-1,2,0,2,-10
1635,-1,2,0,3,7
1636,-1,2,0,4,7
1637,-1,2,0,5,7
1638,-1,2,1,0,-30
1639,-1,2,1,1,-20
1640,-1,2,1,2,-10
1641,-1,2,1,3,7
1642,-1,2,1,4,7
1643,-1,2,1,5,7
1644,-1,2,2,0,-30
1645,-1,2,2,1,-20
1646,-1,2,2,2,-10
1647,-1,2,2,3,7
1648,-1,2,2,4,7
1649,-1,2,2,5,7
1650,-1,2,3,0,-30
1651,-1,2,3,1,-20
1652,-1,2,3,2,-10
1653,-1,2,3,3,7
1654,-1,2,3,4,7
1655,-1,2,3,5,7
1656,-1,2,4,0,-30
1657,-1,2,4,1,-20
1658,-1,2,4,2,-10
1659,-1,2,4,3,7
1660,-1,2,4,4,7
1661,-1,2,4,5,7
1662,-1,2,5,0,-30
1663,-1,2,5,1,-20
1664,-1,2,5,2,-10
1665,-1,2,5,3,7
1666,-1,2,5,4,7
1667,-1,2,5,5,7
1668,-1,2,6,0,-30
1669,-1,2,6,1,-20
1670,-1,2,6,2,-10
1671,-1,2,6,3,7
1672,-1,2,6,4,8
1673,-1,2,6,5,8
1674,-1,2,7,0,-30
1675,-1,2,7,1,-20
1676,-1,2,7,2,-10
1677,-1,2,7,3,7
1678,-1,2,7,4,8
1679,-1,2,7,5,9
1680,-1,3,0,0,-40
1681,-1,3,0,1,-30
1682,-1,3,0,2,-20
1683,-1,3,0,3,-10
1684,-1,3,0,4,7
1685,-1,3,0,5,7
1686,-1,3,1,0,-40
1687,-1,3,1,1,#NAME?
1688,-1,3,1,2,-20
1689,-1,3,1,3,-10
1690,-1,3,1,4,7
1691,-1,3,1,5,7
1692,-1,3,2,0,-40
1693,-1,3,2,1,-30
1694,-1,3,2,2,-20
1695,-1,3,2,3,-10
1696,-1,3,2,4,7
1697,-1,3,2,5,7
1698,-1,3,3,0,-40
1699,-1,3,3,1,-30
1700,-1,3,3,2,-20
1701,-1,3,3,3,-10
1702,-1,3,3,4,7
1703,-1,3,3,5,7
1704,-1,3,4,0,-40
1705,-1,3,4,1,-30
1706,-1,3,4,2,-20
1707,-1,3,4,3,-10
1708,-1,3,4,4,7
1709,-1,3,4,5,7
1710,-1,3,5,0,-40
1711,-1,3,5,1,-30
1712,-1,3,5,2,-20
1713,-1,3,5,3,-10
1714,-1,3,5,4,7
1715,-1,3,5,5,7
1716,-1,3,6,0,-40
1717,-1,3,6,1,-30
1718,-1,3,6,2,-20
1719,-1,3,6,3,-10
1720,-1,3,6,4,7
1721,-1,3,6,5,8
1722,-1,3,7,0,-40
1723,-1,3,7,1,-30
1724,-1,3,7,2,-20
1725,-1,3,7,3,-10
1726,-1,3,7,4,7
1727,-1,3,7,5,8
1728,-1,4,0,0,-50
1729,-1,4,0,1,-40
1730,-1,4,0,2,-30
1731,-1,4,0,3,-20
1732,-1,4,0,4,-10
1733,-1,4,0,5,7
1734,-1,4,1,0,-50
1735,-1,4,1,1,-40
1736,-1,4,1,2,-30
1737,-1,4,1,3,-20
1738,-1,4,1,4,-10
1739,-1,4,1,5,7
1740,-1,4,2,0,-50
1741,-1,4,2,1,-40
1742,-1,4,2,2,-30
1743,-1,4,2,3,-20
1744,-1,4,2,4,-10
1745,-1,4,2,5,7
1746,-1,4,3,0,-50
1747,-1,4,3,1,-40
1748,-1,4,3,2,-30
1749,-1,4,3,3,-20
1750,-1,4,3,4,-10
1751,-1,4,3,5,7
1752,-1,4,4,0,-50
1753,-1,4,4,1,-40
1754,-1,4,4,2,-30
1755,-1,4,4,3,-20
1756,-1,4,4,4,-10
1757,-1,4,4,5,7
1758,-1,4,5,0,-50
1759,-1,4,5,1,-40
1760,-1,4,5,2,-30
1761,-1,4,5,3,-20
1762,-1,4,5,4,-10
1763,-1,4,5,5,7
1764,-1,4,6,0,-50
1765,-1,4,6,1,-40
1766,-1,4,6,2,-30
1767,-1,4,6,3,-20
1768,-1,4,6,4,-10
1769,-1,4,6,5,7
1770,-1,4,7,0,-50
1771,-1,4,7,1,-40
1772,-1,4,7,2,#NAME?
1773,-1,4,7,3,-20
1774,-1,4,7,4,-10
1775,-1,4,7,5,7
1776,-1,5,0,0,-80
1777,-1,5,0,1,-50
1778,-1,5,0,2,-40
1779,-1,5,0,3,-30
1780,-1,5,0,4,-20
1781,-1,5,0,5,-10
1782,-1,5,1,0,-80
1783,-1,5,1,1,-50
1784,-1,5,1,2,-40
1785,-1,5,1,3,-30
1786,-1,5,1,4,-20
1787,-1,5,1,5,-10
1788,-1,5,2,0,-80
1789,-1,5,2,1,-50
1790,-1,5,2,2,-40
1791,-1,5,2,3,-30
1792,-1,5,2,4,-20
1793,-1,5,2,5,-10
1794,-1,5,3,0,-80
1795,-1,5,3,1,-50
1796,-1,5,3,2,-40
1797,-1,5,3,3,-30
1798,-1,5,3,4,-20
1799,-1,5,3,5,-10
1800,-1,5,4,0,-80
1801,-1,5,4,1,-50
1802,-1,5,4,2,-40
1803,-1,5,4,3,-30
1804,-1,5,4,4,#NAME?
1805,-1,5,4,5,-10
1806,-1,5,5,0,-80
1807,-1,5,5,1,-50
1808,-1,5,5,2,-40
1809,-1,5,5,3,-30
1810,-1,5,5,4,-20
1811,-1,5,5,5,-10
1812,-1,5,6,0,-80
1813,-1,5,6,1,-50
1814,-1,5,6,2,-40
1815,-1,5,6,3,-30
1816,-1,5,6,4,-20
1817,-1,5,6,5,-10
1818,-1,5,7,0,-80
1819,-1,5,7,1,-50
1820,-1,5,7,2,-40
1821,-1,5,7,3,-30
1822,-1,5,7,4,-20
1823,-1,5,7,5,-10
1824,-1,6,0,0,-80
1825,-1,6,0,1,-80
1826,-1,6,0,2,-50
1827,-1,6,0,3,-40
1828,-1,6,0,4,-30
1829,-1,6,0,5,-20
1830,-1,6,1,0,-80
1831,-1,6,1,1,-80
1832,-1,6,1,2,-50
1833,-1,6,1,3,-40
1834,-1,6,1,4,-30
1835,-1,6,1,5,-20
1836,-1,6,2,0,-80
1837,-1,6,2,1,-80
1838,-1,6,2,2,-50
1839,-1,6,2,3,-40
1840,-1,6,2,4,-30
1841,-1,6,2,5,-20
1842,-1,6,3,0,-80
1843,-1,6,3,1,-80
1844,-1,6,3,2,-50
1845,-1,6,3,3,-40
1846,-1,6,3,4,-30
1847,-1,6,3,5,-20
1848,-1,6,4,0,-80
1849,-1,6,4,1,-80
1850,-1,6,4,2,-50
1851,-1,6,4,3,-40
1852,-1,6,4,4,-30
1853,-1,6,4,5,-20
1854,-1,6,5,0,-80
1855,-1,6,5,1,-80
1856,-1,6,5,2,-50
1857,-1,6,5,3,-40
1858,-1,6,5,4,-30
1859,-1,6,5,5,-20
1860,-1,6,6,0,-80
1861,-1,6,6,1,-80
1862,-1,6,6,2,-50
1863,-1,6,6,3,-40
1864,-1,6,6,4,-30
1865,-1,6,6,5,-20
1866,-1,6,7,0,-80
1867,-1,6,7,1,-80
1868,-1,6,7,2,-50
1869,-1,6,7,3,-40
1870,-1,6,7,4,-30
1871,-1,6,7,5,-20
1872,-1,7,0,0,-80
1873,-1,7,0,1,-80
1874,-1,7,0,2,-80
1875,-1,7,0,3,-50
1876,-1,7,0,4,-40
1877,-1,7,0,5,-30
1878,-1,7,1,0,-80
1879,-1,7,1,1,-80
1880,-1,7,1,2,-80
1881,-1,7,1,3,-50
1882,-1,7,1,4,-40
1883,-1,7,1,5,-30
1884,-1,7,2,0,-80
1885,-1,7,2,1,-80
1886,-1,7,2,2,-80
1887,-1,7,2,3,-50
1888,-1,7,2,4,-40
1889,-1,7,2,5,-30
1890,-1,7,3,0,-80
1891,-1,7,3,1,-80
1892,-1,7,3,2,-80
1893,-1,7,3,3,-50
1894,-1,7,3,4,-40
1895,-1,7,3,5,-30
1896,-1,7,4,0,-80
1897,-1,7,4,1,-80
1898,-1,7,4,2,-80
1899,-1,7,4,3,-50
1900,-1,7,4,4,-40
1901,-1,7,4,5,-30
1902,-1,7,5,0,-80
1903,-1,7,5,1,-80
1904,-1,7,5,2,-80
1905,-1,7,5,3,-50
1906,-1,7,5,4,-40
1907,-1,7,5,5,-30
1908,-1,7,6,0,-80
1909,-1,7,6,1,-80
1910,-1,7,6,2,-80
1911,-1,7,6,3,-50
1912,-1,7,6,4,-40
1913,-1,7,6,5,-30
1914,-1,7,7,0,-80
1915,-1,7,7,1,-80
1916,-1,7,7,2,-80
1917,-1,7,7,3,-50
1918,-1,7,7,4,-40
1919,-1,7,7,5,-30
1920,0,0,0,0,7
1921,0,0,0,1,7
1922,0,0,0,2,7
1923,0,0,0,3,7
1924,0,0,0,4,7
1925,0,0,0,5,7
1926,0,0,1,0,7
1927,0,0,1,1,7
1928,0,0,1,2,7
1929,0,0,1,3,7
1930,0,0,1,4,7
1931,0,0,1,5,7
1932,0,0,2,0,7
1933,0,0,2,1,7
1934,0,0,2,2,7
1935,0,0,2,3,7
1936,0,0,2,4,7
1937,0,0,2,5,7
1938,0,0,3,0,7
1939,0,0,3,1,7
1940,0,0,3,2,7
1941,0,0,3,3,7
1942,0,0,3,4,7
1943,0,0,3,5,7
1944,0,0,4,0,7
1945,0,0,4,1,7
1946,0,0,4,2,7
1947,0,0,4,3,7
1948,0,0,4,4,7
1949,0,0,4,5,7
1950,0,0,5,0,7
1951,0,0,5,1,7
1952,0,0,5,2,7
1953,0,0,5,3,7
1954,0,0,5,4,7
1955,0,0,5,5,7
1956,0,0,6,0,7
1957,0,0,6,1,8
1958,0,0,6,2,8
1959,0,0,6,3,8
1960,0,0,6,4,8
1961,0,0,6,5,8
1962,0,0,7,0,7
1963,0,0,7,1,8
1964,0,0,7,2,9
1965,0,0,7,3,9
1966,0,0,7,4,9
1967,0,0,7,5,9
1968,0,1,0,0,-10
1969,0,1,0,1,7
1970,0,1,0,2,7
1971,0,1,0,3,7
1972,0,1,0,4,7
1973,0,1,0,5,7
1974,0,1,1,0,-10
1975,0,1,1,1,7
1976,0,1,1,2,7
1977,0,1,1,3,7
1978,0,1,1,4,7
1979,0,1,1,5,7
1980,0,1,2,0,-10
1981,0,1,2,1,7
1982,0,1,2,2,7
1983,0,1,2,3,7
1984,0,1,2,4,7
1985,0,1,2,5,7
1986,0,1,3,0,-10
1987,0,1,3,1,7
1988,0,1,3,2,7
1989,0,1,3,3,7
1990,0,1,3,4,7
1991,0,1,3,5,7
1992,0,1,4,0,-10
1993,0,1,4,1,7
1994,0,1,4,2,7
1995,0,1,4,3,7
1996,0,1,4,4,7
1997,0,1,4,5,7
1998,0,1,5,0,-10
1999,0,1,5,1,7
2000,0,1,5,2,7
2001,0,1,5,3,7
2002,0,1,5,4,7
2003,0,1,5,5,7
2004,0,1,6,0,-10
2005,0,1,6,1,7
2006,0,1,6,2,8
2007,0,1,6,3,8
2008,0,1,6,4,8
2009,0,1,6,5,8
2010,0,1,7,0,-10
2011,0,1,7,1,7
2012,0,1,7,2,8
2013,0,1,7,3,9
2014,0,1,7,4,9
2015,0,1,7,5,9
2016,0,2,0,0,-20
2017,0,2,0,1,-10
2018,0,2,0,2,7
2019,0,2,0,3,7
2020,0,2,0,4,7
2021,0,2,0,5,7
2022,0,2,1,0,-20
2023,0,2,1,1,-10
2024,0,2,1,2,7
2025,0,2,1,3,7
2026,0,2,1,4,7
2027,0,2,1,5,7
2028,0,2,2,0,-20
2029,0,2,2,1,-10
2030,0,2,2,2,7
2031,0,2,2,3,7
2032,0,2,2,4,7
2033,0,2,2,5,7
2034,0,2,3,0,-20
2035,0,2,3,1,-10
2036,0,2,3,2,7
2037,0,2,3,3,7
2038,0,2,3,4,7
2039,0,2,3,5,7
2040,0,2,4,0,-20
2041,0,2,4,1,-10
2042,0,2,4,2,7
2043,0,2,4,3,7
2044,0,2,4,4,7
2045,0,2,4,5,7
2046,0,2,5,0,-20
2047,0,2,5,1,-10
2048,0,2,5,2,7
2049,0,2,5,3,7
2050,0,2,5,4,7
2051,0,2,5,5,7
2052,0,2,6,0,-20
2053,0,2,6,1,-10
2054,0,2,6,2,7
2055,0,2,6,3,8
2056,0,2,6,4,8
2057,0,2,6,5,8
2058,0,2,7,0,-20
2059,0,2,7,1,-10
2060,0,2,7,2,7
2061,0,2,7,3,8
2062,0,2,7,4,9
2063,0,2,7,5,9
2064,0,3,0,0,-30
2065,0,3,0,1,-20
2066,0,3,0,2,-10
2067,0,3,0,3,7
2068,0,3,0,4,7
2069,0,3,0,5,7
2070,0,3,1,0,-30
2071,0,3,1,1,-20
2072,0,3,1,2,-10
2073,0,3,1,3,7
2074,0,3,1,4,7
2075,0,3,1,5,7
2076,0,3,2,0,-30
2077,0,3,2,1,-20
2078,0,3,2,2,-10
2079,0,3,2,3,7
2080,0,3,2,4,7
2081,0,3,2,5,7
2082,0,3,3,0,-30
2083,0,3,3,1,-20
2084,0,3,3,2,-10
2085,0,3,3,3,7
2086,0,3,3,4,7
2087,0,3,3,5,7
2088,0,3,4,0,-30
2089,0,3,4,1,-20
2090,0,3,4,2,-10
2091,0,3,4,3,7
2092,0,3,4,4,7
2093,0,3,4,5,7
2094,0,3,5,0,-30
2095,0,3,5,1,-20
2096,0,3,5,2,-10
2097,0,3,5,3,7
2098,0,3,5,4,7
2099,0,3,5,5,7
2100,0,3,6,0,-30
2101,0,3,6,1,-20
2102,0,3,6,2,-10
2103,0,3,6,3,7
2104,0,3,6,4,8
2105,0,3,6,5,8
2106,0,3,7,0,-30
2107,0,3,7,1,-20
2108,0,3,7,2,-10
2109,0,3,7,3,7
2110,0,3,7,4,8
2111,0,3,7,5,9
2112,0,4,0,0,-40
2113,0,4,0,1,-30
2114,0,4,0,2,-20
2115,0,4,0,3,-10
2116,0,4,0,4,7
2117,0,4,0,5,7
2118,0,4,1,0,-40
2119,0,4,1,1,-30
2120,0,4,1,2,-20
2121,0,4,1,3,-10
2122,0,4,1,4,7
2123,0,4,1,5,7
2124,0,4,2,0,-40
2125,0,4,2,1,-30
2126,0,4,2,2,-20
2127,0,4,2,3,-10
2128,0,4,2,4,7
2129,0,4,2,5,7
2130,0,4,3,0,-40
2131,0,4,3,1,-30
2132,0,4,3,2,-20
2133,0,4,3,3,-10
2134,0,4,3,4,7
2135,0,4,3,5,7
2136,0,4,4,0,-40
2137,0,4,4,1,-30
2138,0,4,4,2,-20
2139,0,4,4,3,-10
2140,0,4,4,4,7
2141,0,4,4,5,7
2142,0,4,5,0,-40
2143,0,4,5,1,-30
2144,0,4,5,2,-20
2145,0,4,5,3,-10
2146,0,4,5,4,7
2147,0,4,5,5,7
2148,0,4,6,0,-40
2149,0,4,6,1,-30
2150,0,4,6,2,-20
2151,0,4,6,3,-10
2152,0,4,6,4,7
2153,0,4,6,5,8
2154,0,4,7,0,-40
2155,0,4,7,1,-30
2156,0,4,7,2,-20
2157,0,4,7,3,-10
2158,0,4,7,4,7
2159,0,4,7,5,8
2160,0,5,0,0,-50
2161,0,5,0,1,-40
2162,0,5,0,2,-30
2163,0,5,0,3,-20
2164,0,5,0,4,-10
2165,0,5,0,5,7
2166,0,5,1,0,-50
2167,0,5,1,1,-40
2168,0,5,1,2,-30
2169,0,5,1,3,-20
2170,0,5,1,4,-10
2171,0,5,1,5,7
2172,0,5,2,0,-50
2173,0,5,2,1,-40
2174,0,5,2,2,-30
2175,0,5,2,3,-20
2176,0,5,2,4,-10
2177,0,5,2,5,7
2178,0,5,3,0,-50
2179,0,5,3,1,-40
2180,0,5,3,2,-30
2181,0,5,3,3,-20
2182,0,5,3,4,-10
2183,0,5,3,5,7
2184,0,5,4,0,-50
2185,0,5,4,1,-40
2186,0,5,4,2,-30
2187,0,5,4,3,-20
2188,0,5,4,4,-10
2189,0,5,4,5,7
2190,0,5,5,0,-50
2191,0,5,5,1,-40
2192,0,5,5,2,-30
2193,0,5,5,3,-20
2194,0,5,5,4,-10
2195,0,5,5,5,7
2196,0,5,6,0,-50
2197,0,5,6,1,-40
2198,0,5,6,2,-30
2199,0,5,6,3,-20
2200,0,5,6,4,-10
2201,0,5,6,5,7
2202,0,5,7,0,-50
2203,0,5,7,1,-40
2204,0,5,7,2,-30
2205,0,5,7,3,-20
2206,0,5,7,4,-10
2207,0,5,7,5,7
2208,0,6,0,0,-80
2209,0,6,0,1,-50
2210,0,6,0,2,-40
2211,0,6,0,3,-30
2212,0,6,0,4,-20
2213,0,6,0,5,-10
2214,0,6,1,0,-80
2215,0,6,1,1,-50
2216,0,6,1,2,-40
2217,0,6,1,3,-30
2218,0,6,1,4,-20
2219,0,6,1,5,-10
2220,0,6,2,0,-80
2221,0,6,2,1,-50
2222,0,6,2,2,-40
2223,0,6,2,3,-30
2224,0,6,2,4,-20
2225,0,6,2,5,-10
2226,0,6,3,0,-80
2227,0,6,3,1,-50
2228,0,6,3,2,-40
2229,0,6,3,3,-30
2230,0,6,3,4,-20
2231,0,6,3,5,-10
2232,0,6,4,0,-80
2233,0,6,4,1,-50
2234,0,6,4,2,-40
2235,0,6,4,3,-30
2236,0,6,4,4,-20
2237,0,6,4,5,-10
2238,0,6,5,0,-80
2239,0,6,5,1,-50
2240,0,6,5,2,-40
2241,0,6,5,3,-30
2242,0,6,5,4,-20
2243,0,6,5,5,-10
2244,0,6,6,0,-80
2245,0,6,6,1,-50
2246,0,6,6,2,-40
2247,0,6,6,3,-30
2248,0,6,6,4,-20
2249,0,6,6,5,-10
2250,0,6,7,0,-80
2251,0,6,7,1,-50
2252,0,6,7,2,-40
2253,0,6,7,3,-30
2254,0,6,7,4,-20
2255,0,6,7,5,-10
2256,0,7,0,0,-80
2257,0,7,0,1,-80
2258,0,7,0,2,-50
2259,0,7,0,3,-40
2260,0,7,0,4,-30
2261,0,7,0,5,-20
2262,0,7,1,0,-80
2263,0,7,1,1,-80
2264,0,7,1,2,-50
2265,0,7,1,3,-40
2266,0,7,1,4,-30
2267,0,7,1,5,-20
2268,0,7,2,0,-80
2269,0,7,2,1,-80
2270,0,7,2,2,-50
2271,0,7,2,3,-40
2272,0,7,2,4,-30
2273,0,7,2,5,-20
2274,0,7,3,0,-80
2275,0,7,3,1,-80
2276,0,7,3,2,-50
2277,0,7,3,3,-40
2278,0,7,3,4,-30
2279,0,7,3,5,-20
2280,0,7,4,0,-80
2281,0,7,4,1,-80
2282,0,7,4,2,-50
2283,0,7,4,3,-40
2284,0,7,4,4,-30
2285,0,7,4,5,-20
2286,0,7,5,0,-80
2287,0,7,5,1,-80
2288,0,7,5,2,-50
2289,0,7,5,3,-40
2290,0,7,5,4,-30
2291,0,7,5,5,-20
2292,0,7,6,0,-80
2293,0,7,6,1,-80
2294,0,7,6,2,-50
2295,0,7,6,3,-40
2296,0,7,6,4,-30
2297,0,7,6,5,-20
2298,0,7,7,0,-80
2299,0,7,7,1,-80
2300,0,7,7,2,-50
2301,0,7,7,3,-40
2302,0,7,7,4,-30
2303,0,7,7,5,-20
2304,1,0,0,0,7
2305,1,0,0,1,7
2306,1,0,0,2,#NAME?
2307,1,0,0,3,7
2308,1,0,0,4,7
2309,1,0,0,5,7
2310,1,0,1,0,7
2311,1,0,1,1,7
2312,1,0,1,2,7
2313,1,0,1,3,7
2314,1,0,1,4,7
2315,1,0,1,5,7
2316,1,0,2,0,7
2317,1,0,2,1,7
2318,1,0,2,2,7
2319,1,0,2,3,7
2320,1,0,2,4,#NAME?
2321,1,0,2,5,7
2322,1,0,3,0,7
2323,1,0,3,1,7
2324,1,0,3,2,7
2325,1,0,3,3,7
2326,1,0,3,4,7
2327,1,0,3,5,7
2328,1,0,4,0,7
2329,1,0,4,1,7
2330,1,0,4,2,7
2331,1,0,4,3,7
2332,1,0,4,4,7
2333,1,0,4,5,7
2334,1,0,5,0,7
2335,1,0,5,1,#NAME?
2336,1,0,5,2,7
2337,1,0,5,3,7
2338,1,0,5,4,7
2339,1,0,5,5,7
2340,1,0,6,0,8
2341,1,0,6,1,8
2342,1,0,6,2,8
2343,1,0,6,3,8
2344,1,0,6,4,#NAME?
2345,1,0,6,5,8
2346,1,0,7,0,8
2347,1,0,7,1,9
2348,1,0,7,2,9
2349,1,0,7,3,#NAME?
2350,1,0,7,4,9
2351,1,0,7,5,9
2352,1,1,0,0,7
2353,1,1,0,1,7
2354,1,1,0,2,7
2355,1,1,0,3,7
2356,1,1,0,4,7
2357,1,1,0,5,#NAME?
2358,1,1,1,0,7
2359,1,1,1,1,7
2360,1,1,1,2,7
2361,1,1,1,3,7
2362,1,1,1,4,7
2363,1,1,1,5,7
2364,1,1,2,0,#NAME?
2365,1,1,2,1,7
2366,1,1,2,2,7
2367,1,1,2,3,7
2368,1,1,2,4,7
2369,1,1,2,5,7
2370,1,1,3,0,7
2371,1,1,3,1,#NAME?
2372,1,1,3,2,7
2373,1,1,3,3,7
2374,1,1,3,4,7
2375,1,1,3,5,7
2376,1,1,4,0,7
2377,1,1,4,1,7
2378,1,1,4,2,7
2379,1,1,4,3,7
2380,1,1,4,4,7
2381,1,1,4,5,7
2382,1,1,5,0,7
2383,1,1,5,1,7
2384,1,1,5,2,7
2385,1,1,5,3,7
2386,1,1,5,4,7
2387,1,1,5,5,7
2388,1,1,6,0,7
2389,1,1,6,1,8
2390,1,1,6,2,8
2391,1,1,6,3,#NAME?
2392,1,1,6,4,8
2393,1,1,6,5,8
2394,1,1,7,0,7
2395,1,1,7,1,8
2396,1,1,7,2,9
2397,1,1,7,3,9
2398,1,1,7,4,9
2399,1,1,7,5,9
2400,1,2,0,0,-10
2401,1,2,0,1,7
2402,1,2,0,2,7
2403,1,2,0,3,#NAME?
2404,1,2,0,4,7
2405,1,2,0,5,7
2406,1,2,1,0,-10
2407,1,2,1,1,7
2408,1,2,1,2,7
2409,1,2,1,3,7
2410,1,2,1,4,7
2411,1,2,1,5,7
2412,1,2,2,0,-10
2413,1,2,2,1,7
2414,1,2,2,2,7
2415,1,2,2,3,7
2416,1,2,2,4,7
2417,1,2,2,5,7
2418,1,2,3,0,-10
2419,1,2,3,1,7
2420,1,2,3,2,7
2421,1,2,3,3,7
2422,1,2,3,4,7
2423,1,2,3,5,7
2424,1,2,4,0,-10
2425,1,2,4,1,7
2426,1,2,4,2,7
2427,1,2,4,3,7
2428,1,2,4,4,7
2429,1,2,4,5,7
2430,1,2,5,0,-10
2431,1,2,5,1,7
2432,1,2,5,2,7
2433,1,2,5,3,7
2434,1,2,5,4,7
2435,1,2,5,5,7
2436,1,2,6,0,-10
2437,1,2,6,1,7
2438,1,2,6,2,8
2439,1,2,6,3,8
2440,1,2,6,4,8
2441,1,2,6,5,8
2442,1,2,7,0,-10
2443,1,2,7,1,7
2444,1,2,7,2,8
2445,1,2,7,3,9
2446,1,2,7,4,9
2447,1,2,7,5,9
2448,1,3,0,0,-20
2449,1,3,0,1,#NAME?
2450,1,3,0,2,7
2451,1,3,0,3,7
2452,1,3,0,4,7
2453,1,3,0,5,7
2454,1,3,1,0,-20
2455,1,3,1,1,-10
2456,1,3,1,2,7
2457,1,3,1,3,7
2458,1,3,1,4,7
2459,1,3,1,5,7
2460,1,3,2,0,-20
2461,1,3,2,1,-10
2462,1,3,2,2,#NAME?
2463,1,3,2,3,7
2464,1,3,2,4,7
2465,1,3,2,5,7
2466,1,3,3,0,-20
2467,1,3,3,1,-10
2468,1,3,3,2,7
2469,1,3,3,3,7
2470,1,3,3,4,#NAME?
2471,1,3,3,5,7
2472,1,3,4,0,-20
2473,1,3,4,1,-10
2474,1,3,4,2,7
2475,1,3,4,3,7
2476,1,3,4,4,7
2477,1,3,4,5,7
2478,1,3,5,0,-20
2479,1,3,5,1,-10
2480,1,3,5,2,7
2481,1,3,5,3,7
2482,1,3,5,4,#NAME?
2483,1,3,5,5,7
2484,1,3,6,0,-20
2485,1,3,6,1,-10
2486,1,3,6,2,7
2487,1,3,6,3,8
2488,1,3,6,4,8
2489,1,3,6,5,8
2490,1,3,7,0,-20
2491,1,3,7,1,-10
2492,1,3,7,2,7
2493,1,3,7,3,8
2494,1,3,7,4,9
2495,1,3,7,5,9
2496,1,4,0,0,#NAME?
2497,1,4,0,1,-20
2498,1,4,0,2,-10
2499,1,4,0,3,7
2500,1,4,0,4,7
2501,1,4,0,5,#NAME?
2502,1,4,1,0,-30
2503,1,4,1,1,-20
2504,1,4,1,2,-10
2505,1,4,1,3,7
2506,1,4,1,4,7
2507,1,4,1,5,7
2508,1,4,2,0,-30
2509,1,4,2,1,-20
2510,1,4,2,2,#NAME?
2511,1,4,2,3,7
2512,1,4,2,4,7
2513,1,4,2,5,7
2514,1,4,3,0,-30
2515,1,4,3,1,-20
2516,1,4,3,2,-10
2517,1,4,3,3,#NAME?
2518,1,4,3,4,#NAME?
2519,1,4,3,5,7
2520,1,4,4,0,-30
2521,1,4,4,1,-20
2522,1,4,4,2,-10
2523,1,4,4,3,7
2524,1,4,4,4,7
2525,1,4,4,5,7
2526,1,4,5,0,-30
2527,1,4,5,1,-20
2528,1,4,5,2,-10
2529,1,4,5,3,7
2530,1,4,5,4,#NAME?
2531,1,4,5,5,7
2532,1,4,6,0,-30
2533,1,4,6,1,-20
2534,1,4,6,2,-10
2535,1,4,6,3,7
2536,1,4,6,4,8
2537,1,4,6,5,8
2538,1,4,7,0,-30
2539,1,4,7,1,-20
2540,1,4,7,2,-10
2541,1,4,7,3,7
2542,1,4,7,4,8
2543,1,4,7,5,9
2544,1,5,0,0,-40
2545,1,5,0,1,-30
2546,1,5,0,2,-20
2547,1,5,0,3,-10
2548,1,5,0,4,#NAME?
2549,1,5,0,5,7
2550,1,5,1,0,-40
2551,1,5,1,1,-30
2552,1,5,1,2,-20
2553,1,5,1,3,-10
2554,1,5,1,4,7
2555,1,5,1,5,7
2556,1,5,2,0,-40
2557,1,5,2,1,-30
2558,1,5,2,2,-20
2559,1,5,2,3,-10
2560,1,5,2,4,7
2561,1,5,2,5,7
2562,1,5,3,0,-40
2563,1,5,3,1,-30
2564,1,5,3,2,-20
2565,1,5,3,3,-10
2566,1,5,3,4,7
2567,1,5,3,5,7
2568,1,5,4,0,-40
2569,1,5,4,1,-30
2570,1,5,4,2,-20
2571,1,5,4,3,-10
2572,1,5,4,4,7
2573,1,5,4,5,7
2574,1,5,5,0,-40
2575,1,5,5,1,-30
2576,1,5,5,2,-20
2577,1,5,5,3,-10
2578,1,5,5,4,7
2579,1,5,5,5,7
2580,1,5,6,0,-40
2581,1,5,6,1,-30
2582,1,5,6,2,-20
2583,1,5,6,3,-10
2584,1,5,6,4,7
2585,1,5,6,5,8
2586,1,5,7,0,-40
2587,1,5,7,1,-30
2588,1,5,7,2,-20
2589,1,5,7,3,-10
2590,1,5,7,4,7
2591,1,5,7,5,8
2592,1,6,0,0,-50
2593,1,6,0,1,-40
2594,1,6,0,2,-30
2595,1,6,0,3,-20
2596,1,6,0,4,-10
2597,1,6,0,5,7
2598,1,6,1,0,-50
2599,1,6,1,1,-40
2600,1,6,1,2,-30
2601,1,6,1,3,-20
2602,1,6,1,4,-10
2603,1,6,1,5,7
2604,1,6,2,0,-50
2605,1,6,2,1,-40
2606,1,6,2,2,-30
2607,1,6,2,3,-20
2608,1,6,2,4,-10
2609,1,6,2,5,7
2610,1,6,3,0,-50
2611,1,6,3,1,-40
2612,1,6,3,2,-30
2613,1,6,3,3,-20
2614,1,6,3,4,-10
2615,1,6,3,5,7
2616,1,6,4,0,-50
2617,1,6,4,1,-40
2618,1,6,4,2,-30
2619,1,6,4,3,-20
2620,1,6,4,4,-10
2621,1,6,4,5,7
2622,1,6,5,0,-50
2623,1,6,5,1,-40
2624,1,6,5,2,-30
2625,1,6,5,3,-20
2626,1,6,5,4,-10
2627,1,6,5,5,7
2628,1,6,6,0,-50
2629,1,6,6,1,-40
2630,1,6,6,2,-30
2631,1,6,6,3,-20
2632,1,6,6,4,-10
2633,1,6,6,5,7
2634,1,6,7,0,-50
2635,1,6,7,1,-40
2636,1,6,7,2,-30
2637,1,6,7,3,-20
2638,1,6,7,4,-10
2639,1,6,7,5,7
2640,1,7,0,0,-80
2641,1,7,0,1,-50
2642,1,7,0,2,-40
2643,1,7,0,3,-30
2644,1,7,0,4,-20
2645,1,7,0,5,-10
2646,1,7,1,0,-80
2647,1,7,1,1,-50
2648,1,7,1,2,-40
2649,1,7,1,3,-30
2650,1,7,1,4,-20
2651,1,7,1,5,-10
2652,1,7,2,0,-80
2653,1,7,2,1,-50
2654,1,7,2,2,-40
2655,1,7,2,3,-30
2656,1,7,2,4,-20
2657,1,7,2,5,-10
2658,1,7,3,0,-80
2659,1,7,3,1,-50
2660,1,7,3,2,-40
2661,1,7,3,3,-30
2662,1,7,3,4,-20
2663,1,7,3,5,-10
2664,1,7,4,0,-80
2665,1,7,4,1,-50
2666,1,7,4,2,-40
2667,1,7,4,3,-30
2668,1,7,4,4,-20
2669,1,7,4,5,-10
2670,1,7,5,0,-80
2671,1,7,5,1,-50
2672,1,7,5,2,-40
2673,1,7,5,3,-30
2674,1,7,5,4,-20
2675,1,7,5,5,-10
2676,1,7,6,0,-80
2677,1,7,6,1,-50
2678,1,7,6,2,-40
2679,1,7,6,3,-30
2680,1,7,6,4,-20
2681,1,7,6,5,-10
2682,1,7,7,0,-80
2683,1,7,7,1,-50
2684,1,7,7,2,-40
2685,1,7,7,3,-30
2686,1,7,7,4,-20
2687,1,7,7,5,-10
2688,2,0,0,0,7
2689,2,0,0,1,7
2690,2,0,0,2,#NAME?
2691,2,0,0,3,#NAME?
2692,2,0,0,4,7
2693,2,0,0,5,#NAME?
2694,2,0,1,0,7
2695,2,0,1,1,#NAME?
2696,2,0,1,2,7
2697,2,0,1,3,#NAME?
2698,2,0,1,4,7
2699,2,0,1,5,#NAME?
2700,2,0,2,0,7
2701,2,0,2,1,7
2702,2,0,2,2,7
2703,2,0,2,3,7
2704,2,0,2,4,#NAME?
2705,2,0,2,5,#NAME?
2706,2,0,3,0,7
2707,2,0,3,1,#NAME?
2708,2,0,3,2,7
2709,2,0,3,3,#NAME?
2710,2,0,3,4,#NAME?
2711,2,0,3,5,#NAME?
2712,2,0,4,0,7
2713,2,0,4,1,7
2714,2,0,4,2,7
2715,2,0,4,3,#NAME?
2716,2,0,4,4,7
2717,2,0,4,5,#NAME?
2718,2,0,5,0,7
2719,2,0,5,1,#NAME?
2720,2,0,5,2,#NAME?
2721,2,0,5,3,#NAME?
2722,2,0,5,4,#NAME?
2723,2,0,5,5,#NAME?
2724,2,0,6,0,#NAME?
2725,2,0,6,1,8
2726,2,0,6,2,8
2727,2,0,6,3,8
2728,2,0,6,4,8
2729,2,0,6,5,-20
2730,2,0,7,0,9
2731,2,0,7,1,9
2732,2,0,7,2,9
2733,2,0,7,3,9
2734,2,0,7,4,9
2735,2,0,7,5,-20
2736,2,1,0,0,7
2737,2,1,0,1,7
2738,2,1,0,2,7
2739,2,1,0,3,7
2740,2,1,0,4,7
2741,2,1,0,5,#NAME?
2742,2,1,1,0,7
2743,2,1,1,1,7
2744,2,1,1,2,#NAME?
2745,2,1,1,3,7
2746,2,1,1,4,7
2747,2,1,1,5,7
2748,2,1,2,0,7
2749,2,1,2,1,7
2750,2,1,2,2,#NAME?
2751,2,1,2,3,7
2752,2,1,2,4,7
2753,2,1,2,5,7
2754,2,1,3,0,7
2755,2,1,3,1,#NAME?
2756,2,1,3,2,7
2757,2,1,3,3,#NAME?
2758,2,1,3,4,7
2759,2,1,3,5,#NAME?
2760,2,1,4,0,7
2761,2,1,4,1,#NAME?
2762,2,1,4,2,7
2763,2,1,4,3,7
2764,2,1,4,4,7
2765,2,1,4,5,#NAME?
2766,2,1,5,0,7
2767,2,1,5,1,#NAME?
2768,2,1,5,2,7
2769,2,1,5,3,7
2770,2,1,5,4,7
2771,2,1,5,5,7
2772,2,1,6,0,8
2773,2,1,6,1,#NAME?
2774,2,1,6,2,8
2775,2,1,6,3,#NAME?
2776,2,1,6,4,8
2777,2,1,6,5,8
2778,2,1,7,0,8
2779,2,1,7,1,#NAME?
2780,2,1,7,2,#NAME?
2781,2,1,7,3,9
2782,2,1,7,4,9
2783,2,1,7,5,9
2784,2,2,0,0,7
2785,2,2,0,1,7
2786,2,2,0,2,7
2787,2,2,0,3,7
2788,2,2,0,4,7
2789,2,2,0,5,7
2790,2,2,1,0,7
2791,2,2,1,1,7
2792,2,2,1,2,#NAME?
2793,2,2,1,3,7
2794,2,2,1,4,7
2795,2,2,1,5,7
2796,2,2,2,0,7
2797,2,2,2,1,7
2798,2,2,2,2,7
2799,2,2,2,3,7
2800,2,2,2,4,#NAME?
2801,2,2,2,5,7
2802,2,2,3,0,7
2803,2,2,3,1,#NAME?
2804,2,2,3,2,7
2805,2,2,3,3,7
2806,2,2,3,4,7
2807,2,2,3,5,7
2808,2,2,4,0,7
2809,2,2,4,1,7
2810,2,2,4,2,#NAME?
2811,2,2,4,3,7
2812,2,2,4,4,#NAME?
2813,2,2,4,5,#NAME?
2814,2,2,5,0,7
2815,2,2,5,1,#NAME?
2816,2,2,5,2,#NAME?
2817,2,2,5,3,7
2818,2,2,5,4,7
2819,2,2,5,5,7
2820,2,2,6,0,7
2821,2,2,6,1,8
2822,2,2,6,2,#NAME?
2823,2,2,6,3,8
2824,2,2,6,4,8
2825,2,2,6,5,#NAME?
2826,2,2,7,0,7
2827,2,2,7,1,8
2828,2,2,7,2,#NAME?
2829,2,2,7,3,#NAME?
2830,2,2,7,4,#NAME?
2831,2,2,7,5,9
2832,2,3,0,0,-10
2833,2,3,0,1,7
2834,2,3,0,2,7
2835,2,3,0,3,#NAME?
2836,2,3,0,4,7
2837,2,3,0,5,7
2838,2,3,1,0,-10
2839,2,3,1,1,#NAME?
2840,2,3,1,2,#NAME?
2841,2,3,1,3,#NAME?
2842,2,3,1,4,7
2843,2,3,1,5,7
2844,2,3,2,0,-10
2845,2,3,2,1,#NAME?
2846,2,3,2,2,#NAME?
2847,2,3,2,3,7
2848,2,3,2,4,7
2849,2,3,2,5,7
2850,2,3,3,0,-10
2851,2,3,3,1,#NAME?
2852,2,3,3,2,7
2853,2,3,3,3,7
2854,2,3,3,4,7
2855,2,3,3,5,7
2856,2,3,4,0,-10
2857,2,3,4,1,#NAME?
2858,2,3,4,2,#NAME?
2859,2,3,4,3,7
2860,2,3,4,4,7
2861,2,3,4,5,7
2862,2,3,5,0,-10
2863,2,3,5,1,7
2864,2,3,5,2,7
2865,2,3,5,3,7
2866,2,3,5,4,7
2867,2,3,5,5,7
2868,2,3,6,0,-10
2869,2,3,6,1,7
2870,2,3,6,2,8
2871,2,3,6,3,#NAME?
2872,2,3,6,4,8
2873,2,3,6,5,8
2874,2,3,7,0,-10
2875,2,3,7,1,7
2876,2,3,7,2,#NAME?
2877,2,3,7,3,9
2878,2,3,7,4,#NAME?
2879,2,3,7,5,9
2880,2,4,0,0,-20
2881,2,4,0,1,#NAME?
2882,2,4,0,2,#NAME?
2883,2,4,0,3,#NAME?
2884,2,4,0,4,#NAME?
2885,2,4,0,5,7
2886,2,4,1,0,-20
2887,2,4,1,1,#NAME?
2888,2,4,1,2,7
2889,2,4,1,3,7
2890,2,4,1,4,7
2891,2,4,1,5,#NAME?
2892,2,4,2,0,-20
2893,2,4,2,1,-10
2894,2,4,2,2,7
2895,2,4,2,3,7
2896,2,4,2,4,7
2897,2,4,2,5,7
2898,2,4,3,0,-20
2899,2,4,3,1,#NAME?
2900,2,4,3,2,#NAME?
2901,2,4,3,3,7
2902,2,4,3,4,#NAME?
2903,2,4,3,5,7
2904,2,4,4,0,-20
2905,2,4,4,1,#NAME?
2906,2,4,4,2,7
2907,2,4,4,3,#NAME?
2908,2,4,4,4,#NAME?
2909,2,4,4,5,7
2910,2,4,5,0,-20
2911,2,4,5,1,-10
2912,2,4,5,2,7
2913,2,4,5,3,7
2914,2,4,5,4,7
2915,2,4,5,5,7
2916,2,4,6,0,-20
2917,2,4,6,1,-10
2918,2,4,6,2,7
2919,2,4,6,3,#NAME?
2920,2,4,6,4,8
2921,2,4,6,5,8
2922,2,4,7,0,-20
2923,2,4,7,1,#NAME?
2924,2,4,7,2,#NAME?
2925,2,4,7,3,#NAME?
2926,2,4,7,4,9
2927,2,4,7,5,#NAME?
2928,2,5,0,0,-30
2929,2,5,0,1,-20
2930,2,5,0,2,-10
2931,2,5,0,3,7
2932,2,5,0,4,7
2933,2,5,0,5,7
2934,2,5,1,0,-30
2935,2,5,1,1,-20
2936,2,5,1,2,-10
2937,2,5,1,3,#NAME?
2938,2,5,1,4,#NAME?
2939,2,5,1,5,7
2940,2,5,2,0,-30
2941,2,5,2,1,-20
2942,2,5,2,2,-10
2943,2,5,2,3,7
2944,2,5,2,4,7
2945,2,5,2,5,#NAME?
2946,2,5,3,0,-30
2947,2,5,3,1,#NAME?
2948,2,5,3,2,#NAME?
2949,2,5,3,3,7
2950,2,5,3,4,7
2951,2,5,3,5,7
2952,2,5,4,0,-30
2953,2,5,4,1,-20
2954,2,5,4,2,#NAME?
2955,2,5,4,3,7
2956,2,5,4,4,7
2957,2,5,4,5,7
2958,2,5,5,0,-30
2959,2,5,5,1,-20
2960,2,5,5,2,-10
2961,2,5,5,3,7
2962,2,5,5,4,7
2963,2,5,5,5,7
2964,2,5,6,0,-30
2965,2,5,6,1,-20
2966,2,5,6,2,#NAME?
2967,2,5,6,3,#NAME?
2968,2,5,6,4,#NAME?
2969,2,5,6,5,8
2970,2,5,7,0,-30
2971,2,5,7,1,#NAME?
2972,2,5,7,2,-10
2973,2,5,7,3,7
2974,2,5,7,4,#NAME?
2975,2,5,7,5,#NAME?
2976,2,6,0,0,-40
2977,2,6,0,1,#NAME?
2978,2,6,0,2,-20
2979,2,6,0,3,-10
2980,2,6,0,4,7
2981,2,6,0,5,7
2982,2,6,1,0,-40
2983,2,6,1,1,-30
2984,2,6,1,2,-20
2985,2,6,1,3,-10
2986,2,6,1,4,7
2987,2,6,1,5,7
2988,2,6,2,0,-40
2989,2,6,2,1,-30
2990,2,6,2,2,-20
2991,2,6,2,3,#NAME?
2992,2,6,2,4,7
2993,2,6,2,5,7
2994,2,6,3,0,-40
2995,2,6,3,1,-30
2996,2,6,3,2,#NAME?
2997,2,6,3,3,-10
2998,2,6,3,4,#NAME?
2999,2,6,3,5,7
3000,2,6,4,0,-40
3001,2,6,4,1,-30
3002,2,6,4,2,-20
3003,2,6,4,3,-10
3004,2,6,4,4,7
3005,2,6,4,5,7
3006,2,6,5,0,-40
3007,2,6,5,1,#NAME?
3008,2,6,5,2,-20
3009,2,6,5,3,#NAME?
3010,2,6,5,4,7
3011,2,6,5,5,7
3012,2,6,6,0,-40
3013,2,6,6,1,-30
3014,2,6,6,2,-20
3015,2,6,6,3,#NAME?
3016,2,6,6,4,7
3017,2,6,6,5,8
3018,2,6,7,0,-40
3019,2,6,7,1,#NAME?
3020,2,6,7,2,-20
3021,2,6,7,3,-10
3022,2,6,7,4,7
3023,2,6,7,5,8
3024,2,7,0,0,-50
3025,2,7,0,1,-40
3026,2,7,0,2,-30
3027,2,7,0,3,-20
3028,2,7,0,4,-10
3029,2,7,0,5,7
3030,2,7,1,0,-50
3031,2,7,1,1,-40
3032,2,7,1,2,-30
3033,2,7,1,3,-20
3034,2,7,1,4,-10
3035,2,7,1,5,7
3036,2,7,2,0,-50
3037,2,7,2,1,-40
3038,2,7,2,2,-30
3039,2,7,2,3,-20
3040,2,7,2,4,-10
3041,2,7,2,5,7
3042,2,7,3,0,-50
3043,2,7,3,1,-40
3044,2,7,3,2,-30
3045,2,7,3,3,-20
3046,2,7,3,4,-10
3047,2,7,3,5,7
3048,2,7,4,0,-50
3049,2,7,4,1,-40
3050,2,7,4,2,-30
3051,2,7,4,3,-20
3052,2,7,4,4,-10
3053,2,7,4,5,7
3054,2,7,5,0,-50
3055,2,7,5,1,-40
3056,2,7,5,2,-30
3057,2,7,5,3,-20
3058,2,7,5,4,-10
3059,2,7,5,5,7
3060,2,7,6,0,-50
3061,2,7,6,1,-40
3062,2,7,6,2,-30
3063,2,7,6,3,-20
3064,2,7,6,4,-10
3065,2,7,6,5,7
3066,2,7,7,0,-50
3067,2,7,7,1,-40
3068,2,7,7,2,-30
3069,2,7,7,3,-20
3070,2,7,7,4,-10
3071,2,7,7,5,7
3072,3,0,0,0,7
3073,3,0,0,1,#NAME?
3074,3,0,0,2,#NAME?
3075,3,0,0,3,7
3076,3,0,0,4,#NAME?
3077,3,0,0,5,#NAME?
3078,3,0,1,0,7
3079,3,0,1,1,#NAME?
3080,3,0,1,2,#NAME?
3081,3,0,1,3,#NAME?
3082,3,0,1,4,-20
3083,3,0,1,5,#NAME?
3084,3,0,2,0,7
3085,3,0,2,1,#NAME?
3086,3,0,2,2,7
3087,3,0,2,3,7
3088,3,0,2,4,#NAME?
3089,3,0,2,5,-20
3090,3,0,3,0,7
3091,3,0,3,1,7
3092,3,0,3,2,7
3093,3,0,3,3,#NAME?
3094,3,0,3,4,#NAME?
3095,3,0,3,5,-20
3096,3,0,4,0,7
3097,3,0,4,1,7
3098,3,0,4,2,7
3099,3,0,4,3,#NAME?
3100,3,0,4,4,#NAME?
3101,3,0,4,5,#NAME?
3102,3,0,5,0,7
3103,3,0,5,1,#NAME?
3104,3,0,5,2,7
3105,3,0,5,3,#NAME?
3106,3,0,5,4,#NAME?
3107,3,0,5,5,-20
3108,3,0,6,0,8
3109,3,0,6,1,#NAME?
3110,3,0,6,2,8
3111,3,0,6,3,#NAME?
3112,3,0,6,4,#NAME?
3113,3,0,6,5,#NAME?
3114,3,0,7,0,9
3115,3,0,7,1,9
3116,3,0,7,2,#NAME?
3117,3,0,7,3,#NAME?
3118,3,0,7,4,-20
3119,3,0,7,5,#NAME?
3120,3,1,0,0,7
3121,3,1,0,1,7
3122,3,1,0,2,#NAME?
3123,3,1,0,3,7
3124,3,1,0,4,#NAME?
3125,3,1,0,5,#NAME?
3126,3,1,1,0,7
3127,3,1,1,1,#NAME?
3128,3,1,1,2,#NAME?
3129,3,1,1,3,7
3130,3,1,1,4,#NAME?
3131,3,1,1,5,-20
3132,3,1,2,0,7
3133,3,1,2,1,7
3134,3,1,2,2,7
3135,3,1,2,3,7
3136,3,1,2,4,7
3137,3,1,2,5,-20
3138,3,1,3,0,7
3139,3,1,3,1,#NAME?
3140,3,1,3,2,#NAME?
3141,3,1,3,3,#NAME?
3142,3,1,3,4,#NAME?
3143,3,1,3,5,#NAME?
3144,3,1,4,0,7
3145,3,1,4,1,7
3146,3,1,4,2,7
3147,3,1,4,3,#NAME?
3148,3,1,4,4,#NAME?
3149,3,1,4,5,#NAME?
3150,3,1,5,0,7
3151,3,1,5,1,#NAME?
3152,3,1,5,2,#NAME?
3153,3,1,5,3,#NAME?
3154,3,1,5,4,7
3155,3,1,5,5,-20
3156,3,1,6,0,8
3157,3,1,6,1,#NAME?
3158,3,1,6,2,8
3159,3,1,6,3,#NAME?
3160,3,1,6,4,8
3161,3,1,6,5,-20
3162,3,1,7,0,9
3163,3,1,7,1,#NAME?
3164,3,1,7,2,#NAME?
3165,3,1,7,3,#NAME?
3166,3,1,7,4,9
3167,3,1,7,5,-20
3168,3,2,0,0,7
3169,3,2,0,1,#NAME?
3170,3,2,0,2,7
3171,3,2,0,3,#NAME?
3172,3,2,0,4,#NAME?
3173,3,2,0,5,7
3174,3,2,1,0,7
3175,3,2,1,1,#NAME?
3176,3,2,1,2,#NAME?
3177,3,2,1,3,#NAME?
3178,3,2,1,4,7
3179,3,2,1,5,7
3180,3,2,2,0,7
3181,3,2,2,1,7
3182,3,2,2,2,7
3183,3,2,2,3,7
3184,3,2,2,4,#NAME?
3185,3,2,2,5,#NAME?
3186,3,2,3,0,7
3187,3,2,3,1,#NAME?
3188,3,2,3,2,7
3189,3,2,3,3,7
3190,3,2,3,4,7
3191,3,2,3,5,#NAME?
3192,3,2,4,0,7
3193,3,2,4,1,7
3194,3,2,4,2,#NAME?
3195,3,2,4,3,7
3196,3,2,4,4,#NAME?
3197,3,2,4,5,7
3198,3,2,5,0,7
3199,3,2,5,1,7
3200,3,2,5,2,7
3201,3,2,5,3,#NAME?
3202,3,2,5,4,#NAME?
3203,3,2,5,5,7
3204,3,2,6,0,8
3205,3,2,6,1,8
3206,3,2,6,2,#NAME?
3207,3,2,6,3,8
3208,3,2,6,4,8
3209,3,2,6,5,#NAME?
3210,3,2,7,0,8
3211,3,2,7,1,#NAME?
3212,3,2,7,2,9
3213,3,2,7,3,#NAME?
3214,3,2,7,4,9
3215,3,2,7,5,9
3216,3,3,0,0,7
3217,3,3,0,1,7
3218,3,3,0,2,#NAME?
3219,3,3,0,3,#NAME?
3220,3,3,0,4,7
3221,3,3,0,5,#NAME?
3222,3,3,1,0,7
3223,3,3,1,1,7
3224,3,3,1,2,7
3225,3,3,1,3,#NAME?
3226,3,3,1,4,7
3227,3,3,1,5,7
3228,3,3,2,0,7
3229,3,3,2,1,#NAME?
3230,3,3,2,2,7
3231,3,3,2,3,7
3232,3,3,2,4,#NAME?
3233,3,3,2,5,#NAME?
3234,3,3,3,0,7
3235,3,3,3,1,#NAME?
3236,3,3,3,2,7
3237,3,3,3,3,#NAME?
3238,3,3,3,4,#NAME?
3239,3,3,3,5,7
3240,3,3,4,0,7
3241,3,3,4,1,#NAME?
3242,3,3,4,2,7
3243,3,3,4,3,#NAME?
3244,3,3,4,4,#NAME?
3245,3,3,4,5,7
3246,3,3,5,0,7
3247,3,3,5,1,#NAME?
3248,3,3,5,2,#NAME?
3249,3,3,5,3,7
3250,3,3,5,4,#NAME?
3251,3,3,5,5,#NAME?
3252,3,3,6,0,7
3253,3,3,6,1,#NAME?
3254,3,3,6,2,#NAME?
3255,3,3,6,3,8
3256,3,3,6,4,8
3257,3,3,6,5,#NAME?
3258,3,3,7,0,7
3259,3,3,7,1,8
3260,3,3,7,2,9
3261,3,3,7,3,#NAME?
3262,3,3,7,4,9
3263,3,3,7,5,9
3264,3,4,0,0,-10
3265,3,4,0,1,#NAME?
3266,3,4,0,2,7
3267,3,4,0,3,7
3268,3,4,0,4,7
3269,3,4,0,5,7
3270,3,4,1,0,-10
3271,3,4,1,1,#NAME?
3272,3,4,1,2,7
3273,3,4,1,3,#NAME?
3274,3,4,1,4,7
3275,3,4,1,5,7
3276,3,4,2,0,-10
3277,3,4,2,1,#NAME?
3278,3,4,2,2,#NAME?
3279,3,4,2,3,#NAME?
3280,3,4,2,4,7
3281,3,4,2,5,#NAME?
3282,3,4,3,0,-10
3283,3,4,3,1,#NAME?
3284,3,4,3,2,#NAME?
3285,3,4,3,3,#NAME?
3286,3,4,3,4,7
3287,3,4,3,5,#NAME?
3288,3,4,4,0,-10
3289,3,4,4,1,7
3290,3,4,4,2,#NAME?
3291,3,4,4,3,#NAME?
3292,3,4,4,4,7
3293,3,4,4,5,#NAME?
3294,3,4,5,0,-10
3295,3,4,5,1,7
3296,3,4,5,2,#NAME?
3297,3,4,5,3,7
3298,3,4,5,4,#NAME?
3299,3,4,5,5,#NAME?
3300,3,4,6,0,-10
3301,3,4,6,1,#NAME?
3302,3,4,6,2,#NAME?
3303,3,4,6,3,#NAME?
3304,3,4,6,4,8
3305,3,4,6,5,8
3306,3,4,7,0,#NAME?
3307,3,4,7,1,#NAME?
3308,3,4,7,2,#NAME?
3309,3,4,7,3,9
3310,3,4,7,4,9
3311,3,4,7,5,#NAME?
3312,3,5,0,0,-20
3313,3,5,0,1,#NAME?
3314,3,5,0,2,7
3315,3,5,0,3,7
3316,3,5,0,4,#NAME?
3317,3,5,0,5,#NAME?
3318,3,5,1,0,-20
3319,3,5,1,1,#NAME?
3320,3,5,1,2,7
3321,3,5,1,3,7
3322,3,5,1,4,7
3323,3,5,1,5,#NAME?
3324,3,5,2,0,-20
3325,3,5,2,1,-10
3326,3,5,2,2,#NAME?
3327,3,5,2,3,7
3328,3,5,2,4,7
3329,3,5,2,5,#NAME?
3330,3,5,3,0,#NAME?
3331,3,5,3,1,#NAME?
3332,3,5,3,2,#NAME?
3333,3,5,3,3,7
3334,3,5,3,4,#NAME?
3335,3,5,3,5,7
3336,3,5,4,0,-20
3337,3,5,4,1,#NAME?
3338,3,5,4,2,7
3339,3,5,4,3,7
3340,3,5,4,4,7
3341,3,5,4,5,#NAME?
3342,3,5,5,0,-20
3343,3,5,5,1,#NAME?
3344,3,5,5,2,#NAME?
3345,3,5,5,3,#NAME?
3346,3,5,5,4,7
3347,3,5,5,5,#NAME?
3348,3,5,6,0,-20
3349,3,5,6,1,-10
3350,3,5,6,2,7
3351,3,5,6,3,#NAME?
3352,3,5,6,4,#NAME?
3353,3,5,6,5,#NAME?
3354,3,5,7,0,-20
3355,3,5,7,1,#NAME?
3356,3,5,7,2,#NAME?
3357,3,5,7,3,8
3358,3,5,7,4,#NAME?
3359,3,5,7,5,#NAME?
3360,3,6,0,0,-30
3361,3,6,0,1,#NAME?
3362,3,6,0,2,-10
3363,3,6,0,3,#NAME?
3364,3,6,0,4,7
3365,3,6,0,5,#NAME?
3366,3,6,1,0,-30
3367,3,6,1,1,-20
3368,3,6,1,2,-10
3369,3,6,1,3,#NAME?
3370,3,6,1,4,#NAME?
3371,3,6,1,5,#NAME?
3372,3,6,2,0,-30
3373,3,6,2,1,-20
3374,3,6,2,2,-10
3375,3,6,2,3,7
3376,3,6,2,4,7
3377,3,6,2,5,7
3378,3,6,3,0,-30
3379,3,6,3,1,-20
3380,3,6,3,2,#NAME?
3381,3,6,3,3,7
3382,3,6,3,4,7
3383,3,6,3,5,7
3384,3,6,4,0,-30
3385,3,6,4,1,-20
3386,3,6,4,2,-10
3387,3,6,4,3,#NAME?
3388,3,6,4,4,#NAME?
3389,3,6,4,5,#NAME?
3390,3,6,5,0,-30
3391,3,6,5,1,#NAME?
3392,3,6,5,2,-10
3393,3,6,5,3,#NAME?
3394,3,6,5,4,7
3395,3,6,5,5,7
3396,3,6,6,0,-30
3397,3,6,6,1,#NAME?
3398,3,6,6,2,-10
3399,3,6,6,3,7
3400,3,6,6,4,8
3401,3,6,6,5,#NAME?
3402,3,6,7,0,-30
3403,3,6,7,1,-20
3404,3,6,7,2,#NAME?
3405,3,6,7,3,7
3406,3,6,7,4,8
3407,3,6,7,5,9
3408,3,7,0,0,-40
3409,3,7,0,1,#NAME?
3410,3,7,0,2,#NAME?
3411,3,7,0,3,-10
3412,3,7,0,4,7
3413,3,7,0,5,7
3414,3,7,1,0,-40
3415,3,7,1,1,#NAME?
3416,3,7,1,2,#NAME?
3417,3,7,1,3,#NAME?
3418,3,7,1,4,#NAME?
3419,3,7,1,5,7
3420,3,7,2,0,#NAME?
3421,3,7,2,1,#NAME?
3422,3,7,2,2,#NAME?
3423,3,7,2,3,-10
3424,3,7,2,4,7
3425,3,7,2,5,7
3426,3,7,3,0,-40
3427,3,7,3,1,-30
3428,3,7,3,2,#NAME?
3429,3,7,3,3,#NAME?
3430,3,7,3,4,7
3431,3,7,3,5,#NAME?
3432,3,7,4,0,-40
3433,3,7,4,1,-30
3434,3,7,4,2,-20
3435,3,7,4,3,#NAME?
3436,3,7,4,4,#NAME?
3437,3,7,4,5,#NAME?
3438,3,7,5,0,-40
3439,3,7,5,1,#NAME?
3440,3,7,5,2,#NAME?
3441,3,7,5,3,#NAME?
3442,3,7,5,4,7
3443,3,7,5,5,#NAME?
3444,3,7,6,0,-40
3445,3,7,6,1,-30
3446,3,7,6,2,#NAME?
3447,3,7,6,3,-10
3448,3,7,6,4,#NAME?
3449,3,7,6,5,#NAME?
3450,3,7,7,0,-40
3451,3,7,7,1,#NAME?
3452,3,7,7,2,-20
3453,3,7,7,3,#NAME?
3454,3,7,7,4,7
3455,3,7,7,5,8
3456,4,0,0,0,7
3457,4,0,0,1,#NAME?
3458,4,0,0,2,#NAME?
3459,4,0,0,3,#NAME?
3460,4,0,0,4,#NAME?
3461,4,0,0,5,-20
3462,4,0,1,0,#NAME?
3463,4,0,1,1,#NAME?
3464,4,0,1,2,#NAME?
3465,4,0,1,3,-20
3466,4,0,1,4,-20
3467,4,0,1,5,#NAME?
3468,4,0,2,0,7
3469,4,0,2,1,#NAME?
3470,4,0,2,2,#NAME?
3471,4,0,2,3,#NAME?
3472,4,0,2,4,#NAME?
3473,4,0,2,5,#NAME?
3474,4,0,3,0,7
3475,4,0,3,1,#NAME?
3476,4,0,3,2,#NAME?
3477,4,0,3,3,#NAME?
3478,4,0,3,4,#NAME?
3479,4,0,3,5,#NAME?
3480,4,0,4,0,7
3481,4,0,4,1,#NAME?
3482,4,0,4,2,#NAME?
3483,4,0,4,3,#NAME?
3484,4,0,4,4,#NAME?
3485,4,0,4,5,#NAME?
3486,4,0,5,0,#NAME?
3487,4,0,5,1,#NAME?
3488,4,0,5,2,#NAME?
3489,4,0,5,3,#NAME?
3490,4,0,5,4,-20
3491,4,0,5,5,-20
3492,4,0,6,0,8
3493,4,0,6,1,#NAME?
3494,4,0,6,2,8
3495,4,0,6,3,#NAME?
3496,4,0,6,4,#NAME?
3497,4,0,6,5,#NAME?
3498,4,0,7,0,9
3499,4,0,7,1,#NAME?
3500,4,0,7,2,#NAME?
3501,4,0,7,3,#NAME?
3502,4,0,7,4,#NAME?
3503,4,0,7,5,-20
3504,4,1,0,0,7
3505,4,1,0,1,#NAME?
3506,4,1,0,2,#NAME?
3507,4,1,0,3,7
3508,4,1,0,4,#NAME?
3509,4,1,0,5,#NAME?
3510,4,1,1,0,7
3511,4,1,1,1,#NAME?
3512,4,1,1,2,7
3513,4,1,1,3,7
3514,4,1,1,4,#NAME?
3515,4,1,1,5,#NAME?
3516,4,1,2,0,7
3517,4,1,2,1,#NAME?
3518,4,1,2,2,#NAME?
3519,4,1,2,3,7
3520,4,1,2,4,#NAME?
3521,4,1,2,5,-20
3522,4,1,3,0,#NAME?
3523,4,1,3,1,7
3524,4,1,3,2,#NAME?
3525,4,1,3,3,#NAME?
3526,4,1,3,4,#NAME?
3527,4,1,3,5,-20
3528,4,1,4,0,7
3529,4,1,4,1,7
3530,4,1,4,2,#NAME?
3531,4,1,4,3,7
3532,4,1,4,4,#NAME?
3533,4,1,4,5,#NAME?
3534,4,1,5,0,7
3535,4,1,5,1,#NAME?
3536,4,1,5,2,#NAME?
3537,4,1,5,3,#NAME?
3538,4,1,5,4,-20
3539,4,1,5,5,#NAME?
3540,4,1,6,0,8
3541,4,1,6,1,8
3542,4,1,6,2,8
3543,4,1,6,3,#NAME?
3544,4,1,6,4,#NAME?
3545,4,1,6,5,#NAME?
3546,4,1,7,0,9
3547,4,1,7,1,9
3548,4,1,7,2,#NAME?
3549,4,1,7,3,#NAME?
3550,4,1,7,4,#NAME?
3551,4,1,7,5,#NAME?
3552,4,2,0,0,7
3553,4,2,0,1,#NAME?
3554,4,2,0,2,7
3555,4,2,0,3,#NAME?
3556,4,2,0,4,#NAME?
3557,4,2,0,5,#NAME?
3558,4,2,1,0,7
3559,4,2,1,1,#NAME?
3560,4,2,1,2,#NAME?
3561,4,2,1,3,#NAME?
3562,4,2,1,4,#NAME?
3563,4,2,1,5,#NAME?
3564,4,2,2,0,7
3565,4,2,2,1,#NAME?
3566,4,2,2,2,#NAME?
3567,4,2,2,3,7
3568,4,2,2,4,#NAME?
3569,4,2,2,5,#NAME?
3570,4,2,3,0,7
3571,4,2,3,1,7
3572,4,2,3,2,7
3573,4,2,3,3,#NAME?
3574,4,2,3,4,7
3575,4,2,3,5,#NAME?
3576,4,2,4,0,#NAME?
3577,4,2,4,1,#NAME?
3578,4,2,4,2,#NAME?
3579,4,2,4,3,#NAME?
3580,4,2,4,4,7
3581,4,2,4,5,-20
3582,4,2,5,0,7
3583,4,2,5,1,7
3584,4,2,5,2,#NAME?
3585,4,2,5,3,#NAME?
3586,4,2,5,4,#NAME?
3587,4,2,5,5,-20
3588,4,2,6,0,8
3589,4,2,6,1,#NAME?
3590,4,2,6,2,#NAME?
3591,4,2,6,3,#NAME?
3592,4,2,6,4,#NAME?
3593,4,2,6,5,#NAME?
3594,4,2,7,0,9
3595,4,2,7,1,#NAME?
3596,4,2,7,2,#NAME?
3597,4,2,7,3,#NAME?
3598,4,2,7,4,#NAME?
3599,4,2,7,5,-20
3600,4,3,0,0,7
3601,4,3,0,1,#NAME?
3602,4,3,0,2,#NAME?
3603,4,3,0,3,7
3604,4,3,0,4,#NAME?
3605,4,3,0,5,#NAME?
3606,4,3,1,0,7
3607,4,3,1,1,#NAME?
3608,4,3,1,2,#NAME?
3609,4,3,1,3,7
3610,4,3,1,4,#NAME?
3611,4,3,1,5,#NAME?
3612,4,3,2,0,7
3613,4,3,2,1,#NAME?
3614,4,3,2,2,#NAME?
3615,4,3,2,3,#NAME?
3616,4,3,2,4,#NAME?
3617,4,3,2,5,7
3618,4,3,3,0,7
3619,4,3,3,1,7
3620,4,3,3,2,#NAME?
3621,4,3,3,3,#NAME?
3622,4,3,3,4,#NAME?
3623,4,3,3,5,7
3624,4,3,4,0,7
3625,4,3,4,1,#NAME?
3626,4,3,4,2,7
3627,4,3,4,3,7
3628,4,3,4,4,#NAME?
3629,4,3,4,5,#NAME?
3630,4,3,5,0,7
3631,4,3,5,1,#NAME?
3632,4,3,5,2,7
3633,4,3,5,3,7
3634,4,3,5,4,#NAME?
3635,4,3,5,5,#NAME?
3636,4,3,6,0,8
3637,4,3,6,1,#NAME?
3638,4,3,6,2,8
3639,4,3,6,3,8
3640,4,3,6,4,#NAME?
3641,4,3,6,5,#NAME?
3642,4,3,7,0,8
3643,4,3,7,1,#NAME?
3644,4,3,7,2,9
3645,4,3,7,3,#NAME?
3646,4,3,7,4,9
3647,4,3,7,5,9
3648,4,4,0,0,7
3649,4,4,0,1,#NAME?
3650,4,4,0,2,#NAME?
3651,4,4,0,3,#NAME?
3652,4,4,0,4,#NAME?
3653,4,4,0,5,#NAME?
3654,4,4,1,0,7
3655,4,4,1,1,#NAME?
3656,4,4,1,2,#NAME?
3657,4,4,1,3,#NAME?
3658,4,4,1,4,#NAME?
3659,4,4,1,5,#NAME?
3660,4,4,2,0,7
3661,4,4,2,1,#NAME?
3662,4,4,2,2,#NAME?
3663,4,4,2,3,7
3664,4,4,2,4,#NAME?
3665,4,4,2,5,#NAME?
3666,4,4,3,0,7
3667,4,4,3,1,#NAME?
3668,4,4,3,2,#NAME?
3669,4,4,3,3,#NAME?
3670,4,4,3,4,7
3671,4,4,3,5,#NAME?
3672,4,4,4,0,7
3673,4,4,4,1,#NAME?
3674,4,4,4,2,#NAME?
3675,4,4,4,3,#NAME?
3676,4,4,4,4,7
3677,4,4,4,5,#NAME?
3678,4,4,5,0,7
3679,4,4,5,1,7
3680,4,4,5,2,7
3681,4,4,5,3,#NAME?
3682,4,4,5,4,#NAME?
3683,4,4,5,5,7
3684,4,4,6,0,7
3685,4,4,6,1,8
3686,4,4,6,2,#NAME?
3687,4,4,6,3,#NAME?
3688,4,4,6,4,#NAME?
3689,4,4,6,5,#NAME?
3690,4,4,7,0,7
3691,4,4,7,1,#NAME?
3692,4,4,7,2,#NAME?
3693,4,4,7,3,#NAME?
3694,4,4,7,4,#NAME?
3695,4,4,7,5,#NAME?
3696,4,5,0,0,-10
3697,4,5,0,1,7
3698,4,5,0,2,7
3699,4,5,0,3,#NAME?
3700,4,5,0,4,7
3701,4,5,0,5,#NAME?
3702,4,5,1,0,-10
3703,4,5,1,1,#NAME?
3704,4,5,1,2,#NAME?
3705,4,5,1,3,#NAME?
3706,4,5,1,4,7
3707,4,5,1,5,7
3708,4,5,2,0,-10
3709,4,5,2,1,#NAME?
3710,4,5,2,2,#NAME?
3711,4,5,2,3,#NAME?
3712,4,5,2,4,#NAME?
3713,4,5,2,5,#NAME?
3714,4,5,3,0,#NAME?
3715,4,5,3,1,#NAME?
3716,4,5,3,2,#NAME?
3717,4,5,3,3,#NAME?
3718,4,5,3,4,#NAME?
3719,4,5,3,5,7
3720,4,5,4,0,-10
3721,4,5,4,1,#NAME?
3722,4,5,4,2,#NAME?
3723,4,5,4,3,#NAME?
3724,4,5,4,4,7
3725,4,5,4,5,#NAME?
3726,4,5,5,0,-10
3727,4,5,5,1,7
3728,4,5,5,2,#NAME?
3729,4,5,5,3,#NAME?
3730,4,5,5,4,#NAME?
3731,4,5,5,5,#NAME?
3732,4,5,6,0,-10
3733,4,5,6,1,#NAME?
3734,4,5,6,2,#NAME?
3735,4,5,6,3,#NAME?
3736,4,5,6,4,#NAME?
3737,4,5,6,5,#NAME?
3738,4,5,7,0,-10
3739,4,5,7,1,#NAME?
3740,4,5,7,2,#NAME?
3741,4,5,7,3,#NAME?
3742,4,5,7,4,9
3743,4,5,7,5,#NAME?
3744,4,6,0,0,-20
3745,4,6,0,1,#NAME?
3746,4,6,0,2,#NAME?
3747,4,6,0,3,7
3748,4,6,0,4,7
3749,4,6,0,5,#NAME?
3750,4,6,1,0,-20
3751,4,6,1,1,#NAME?
3752,4,6,1,2,#NAME?
3753,4,6,1,3,#NAME?
3754,4,6,1,4,#NAME?
3755,4,6,1,5,#NAME?
3756,4,6,2,0,-20
3757,4,6,2,1,#NAME?
3758,4,6,2,2,7
3759,4,6,2,3,#NAME?
3760,4,6,2,4,#NAME?
3761,4,6,2,5,#NAME?
3762,4,6,3,0,-20
3763,4,6,3,1,-10
3764,4,6,3,2,7
3765,4,6,3,3,7
3766,4,6,3,4,#NAME?
3767,4,6,3,5,7
3768,4,6,4,0,-20
3769,4,6,4,1,-10
3770,4,6,4,2,#NAME?
3771,4,6,4,3,#NAME?
3772,4,6,4,4,7
3773,4,6,4,5,7
3774,4,6,5,0,-20
3775,4,6,5,1,#NAME?
3776,4,6,5,2,#NAME?
3777,4,6,5,3,#NAME?
3778,4,6,5,4,#NAME?
3779,4,6,5,5,#NAME?
3780,4,6,6,0,-20
3781,4,6,6,1,#NAME?
3782,4,6,6,2,#NAME?
3783,4,6,6,3,#NAME?
3784,4,6,6,4,#NAME?
3785,4,6,6,5,#NAME?
3786,4,6,7,0,-20
3787,4,6,7,1,#NAME?
3788,4,6,7,2,#NAME?
3789,4,6,7,3,#NAME?
3790,4,6,7,4,#NAME?
3791,4,6,7,5,#NAME?
3792,4,7,0,0,-30
3793,4,7,0,1,#NAME?
3794,4,7,0,2,#NAME?
3795,4,7,0,3,7
3796,4,7,0,4,#NAME?
3797,4,7,0,5,#NAME?
3798,4,7,1,0,-30
3799,4,7,1,1,-20
3800,4,7,1,2,#NAME?
3801,4,7,1,3,7
3802,4,7,1,4,#NAME?
3803,4,7,1,5,7
3804,4,7,2,0,-30
3805,4,7,2,1,#NAME?
3806,4,7,2,2,#NAME?
3807,4,7,2,3,#NAME?
3808,4,7,2,4,7
3809,4,7,2,5,7
3810,4,7,3,0,-30
3811,4,7,3,1,#NAME?
3812,4,7,3,2,-10
3813,4,7,3,3,#NAME?
3814,4,7,3,4,7
3815,4,7,3,5,7
3816,4,7,4,0,-30
3817,4,7,4,1,#NAME?
3818,4,7,4,2,#NAME?
3819,4,7,4,3,7
3820,4,7,4,4,#NAME?
3821,4,7,4,5,#NAME?
3822,4,7,5,0,-30
3823,4,7,5,1,-20
3824,4,7,5,2,-10
3825,4,7,5,3,#NAME?
3826,4,7,5,4,#NAME?
3827,4,7,5,5,7
3828,4,7,6,0,-30
3829,4,7,6,1,#NAME?
3830,4,7,6,2,#NAME?
3831,4,7,6,3,#NAME?
3832,4,7,6,4,#NAME?
3833,4,7,6,5,8
3834,4,7,7,0,#NAME?
3835,4,7,7,1,-20
3836,4,7,7,2,#NAME?
3837,4,7,7,3,7
3838,4,7,7,4,#NAME?
3839,4,7,7,5,#NAME?
3840,5,0,0,0,7
3841,5,0,0,1,#NAME?
3842,5,0,0,2,#NAME?
3843,5,0,0,3,#NAME?
3844,5,0,0,4,#NAME?
3845,5,0,0,5,#NAME?
3846,5,0,1,0,7
3847,5,0,1,1,#NAME?
3848,5,0,1,2,#NAME?
3849,5,0,1,3,#NAME?
3850,5,0,1,4,#NAME?
3851,5,0,1,5,#NAME?
3852,5,0,2,0,7
3853,5,0,2,1,#NAME?
3854,5,0,2,2,#NAME?
3855,5,0,2,3,#NAME?
3856,5,0,2,4,#NAME?
3857,5,0,2,5,#NAME?
3858,5,0,3,0,7
3859,5,0,3,1,#NAME?
3860,5,0,3,2,#NAME?
3861,5,0,3,3,#NAME?
3862,5,0,3,4,#NAME?
3863,5,0,3,5,-20
3864,5,0,4,0,7
3865,5,0,4,1,#NAME?
3866,5,0,4,2,#NAME?
3867,5,0,4,3,#NAME?
3868,5,0,4,4,#NAME?
3869,5,0,4,5,#NAME?
3870,5,0,5,0,7
3871,5,0,5,1,#NAME?
3872,5,0,5,2,#NAME?
3873,5,0,5,3,#NAME?
3874,5,0,5,4,#NAME?
3875,5,0,5,5,#NAME?
3876,5,0,6,0,#NAME?
3877,5,0,6,1,8
3878,5,0,6,2,-20
3879,5,0,6,3,#NAME?
3880,5,0,6,4,#NAME?
3881,5,0,6,5,#NAME?
3882,5,0,7,0,9
3883,5,0,7,1,#NAME?
3884,5,0,7,2,#NAME?
3885,5,0,7,3,#NAME?
3886,5,0,7,4,#NAME?
3887,5,0,7,5,#NAME?
3888,5,1,0,0,7
3889,5,1,0,1,7
3890,5,1,0,2,#NAME?
3891,5,1,0,3,#NAME?
3892,5,1,0,4,#NAME?
3893,5,1,0,5,#NAME?
3894,5,1,1,0,7
3895,5,1,1,1,#NAME?
3896,5,1,1,2,7
3897,5,1,1,3,#NAME?
3898,5,1,1,4,#NAME?
3899,5,1,1,5,#NAME?
3900,5,1,2,0,7
3901,5,1,2,1,#NAME?
3902,5,1,2,2,#NAME?
3903,5,1,2,3,#NAME?
3904,5,1,2,4,#NAME?
3905,5,1,2,5,#NAME?
3906,5,1,3,0,7
3907,5,1,3,1,7
3908,5,1,3,2,#NAME?
3909,5,1,3,3,#NAME?
3910,5,1,3,4,#NAME?
3911,5,1,3,5,#NAME?
3912,5,1,4,0,#NAME?
3913,5,1,4,1,#NAME?
3914,5,1,4,2,#NAME?
3915,5,1,4,3,-20
3916,5,1,4,4,#NAME?
3917,5,1,4,5,#NAME?
3918,5,1,5,0,7
3919,5,1,5,1,#NAME?
3920,5,1,5,2,#NAME?
3921,5,1,5,3,#NAME?
3922,5,1,5,4,#NAME?
3923,5,1,5,5,#NAME?
3924,5,1,6,0,8
3925,5,1,6,1,#NAME?
3926,5,1,6,2,#NAME?
3927,5,1,6,3,-20
3928,5,1,6,4,#NAME?
3929,5,1,6,5,#NAME?
3930,5,1,7,0,#NAME?
3931,5,1,7,1,9
3932,5,1,7,2,9
3933,5,1,7,3,#NAME?
3934,5,1,7,4,#NAME?
3935,5,1,7,5,#NAME?
3936,5,2,0,0,7
3937,5,2,0,1,#NAME?
3938,5,2,0,2,#NAME?
3939,5,2,0,3,#NAME?
3940,5,2,0,4,#NAME?
3941,5,2,0,5,#NAME?
3942,5,2,1,0,7
3943,5,2,1,1,#NAME?
3944,5,2,1,2,#NAME?
3945,5,2,1,3,#NAME?
3946,5,2,1,4,#NAME?
3947,5,2,1,5,#NAME?
3948,5,2,2,0,7
3949,5,2,2,1,#NAME?
3950,5,2,2,2,#NAME?
3951,5,2,2,3,#NAME?
3952,5,2,2,4,#NAME?
3953,5,2,2,5,#NAME?
3954,5,2,3,0,7
3955,5,2,3,1,#NAME?
3956,5,2,3,2,#NAME?
3957,5,2,3,3,#NAME?
3958,5,2,3,4,#NAME?
3959,5,2,3,5,#NAME?
3960,5,2,4,0,#NAME?
3961,5,2,4,1,#NAME?
3962,5,2,4,2,#NAME?
3963,5,2,4,3,#NAME?
3964,5,2,4,4,-20
3965,5,2,4,5,#NAME?
3966,5,2,5,0,7
3967,5,2,5,1,#NAME?
3968,5,2,5,2,#NAME?
3969,5,2,5,3,#NAME?
3970,5,2,5,4,-20
3971,5,2,5,5,#NAME?
3972,5,2,6,0,8
3973,5,2,6,1,#NAME?
3974,5,2,6,2,8
3975,5,2,6,3,#NAME?
3976,5,2,6,4,#NAME?
3977,5,2,6,5,#NAME?
3978,5,2,7,0,#NAME?
3979,5,2,7,1,#NAME?
3980,5,2,7,2,#NAME?
3981,5,2,7,3,#NAME?
3982,5,2,7,4,#NAME?
3983,5,2,7,5,#NAME?
3984,5,3,0,0,7
3985,5,3,0,1,#NAME?
3986,5,3,0,2,#NAME?
3987,5,3,0,3,#NAME?
3988,5,3,0,4,#NAME?
3989,5,3,0,5,#NAME?
3990,5,3,1,0,7
3991,5,3,1,1,7
3992,5,3,1,2,#NAME?
3993,5,3,1,3,#NAME?
3994,5,3,1,4,#NAME?
3995,5,3,1,5,#NAME?
3996,5,3,2,0,7
3997,5,3,2,1,#NAME?
3998,5,3,2,2,#NAME?
3999,5,3,2,3,7
4000,5,3,2,4,#NAME?
4001,5,3,2,5,#NAME?
4002,5,3,3,0,7
4003,5,3,3,1,#NAME?
4004,5,3,3,2,#NAME?
4005,5,3,3,3,#NAME?
4006,5,3,3,4,#NAME?
4007,5,3,3,5,#NAME?
4008,5,3,4,0,7
4009,5,3,4,1,7
4010,5,3,4,2,#NAME?
4011,5,3,4,3,#NAME?
4012,5,3,4,4,#NAME?
4013,5,3,4,5,#NAME?
4014,5,3,5,0,7
4015,5,3,5,1,#NAME?
4016,5,3,5,2,#NAME?
4017,5,3,5,3,#NAME?
4018,5,3,5,4,#NAME?
4019,5,3,5,5,#NAME?
4020,5,3,6,0,#NAME?
4021,5,3,6,1,#NAME?
4022,5,3,6,2,#NAME?
4023,5,3,6,3,#NAME?
4024,5,3,6,4,8
4025,5,3,6,5,#NAME?
4026,5,3,7,0,9
4027,5,3,7,1,#NAME?
4028,5,3,7,2,9
4029,5,3,7,3,#NAME?
4030,5,3,7,4,9
4031,5,3,7,5,#NAME?
4032,5,4,0,0,7
4033,5,4,0,1,#NAME?
4034,5,4,0,2,#NAME?
4035,5,4,0,3,7
4036,5,4,0,4,#NAME?
4037,5,4,0,5,#NAME?
4038,5,4,1,0,7
4039,5,4,1,1,#NAME?
4040,5,4,1,2,#NAME?
4041,5,4,1,3,#NAME?
4042,5,4,1,4,#NAME?
4043,5,4,1,5,#NAME?
4044,5,4,2,0,7
4045,5,4,2,1,#NAME?
4046,5,4,2,2,#NAME?
4047,5,4,2,3,#NAME?
4048,5,4,2,4,#NAME?
4049,5,4,2,5,#NAME?
4050,5,4,3,0,7
4051,5,4,3,1,#NAME?
4052,5,4,3,2,#NAME?
4053,5,4,3,3,#NAME?
4054,5,4,3,4,#NAME?
4055,5,4,3,5,#NAME?
4056,5,4,4,0,7
4057,5,4,4,1,7
4058,5,4,4,2,#NAME?
4059,5,4,4,3,#NAME?
4060,5,4,4,4,#NAME?
4061,5,4,4,5,#NAME?
4062,5,4,5,0,7
4063,5,4,5,1,#NAME?
4064,5,4,5,2,#NAME?
4065,5,4,5,3,#NAME?
4066,5,4,5,4,#NAME?
4067,5,4,5,5,#NAME?
4068,5,4,6,0,8
4069,5,4,6,1,#NAME?
4070,5,4,6,2,#NAME?
4071,5,4,6,3,8
4072,5,4,6,4,8
4073,5,4,6,5,8
4074,5,4,7,0,#NAME?
4075,5,4,7,1,#NAME?
4076,5,4,7,2,#NAME?
4077,5,4,7,3,9
4078,5,4,7,4,#NAME?
4079,5,4,7,5,#NAME?
4080,5,5,0,0,7
4081,5,5,0,1,#NAME?
4082,5,5,0,2,#NAME?
4083,5,5,0,3,#NAME?
4084,5,5,0,4,#NAME?
4085,5,5,0,5,#NAME?
4086,5,5,1,0,7
4087,5,5,1,1,#NAME?
4088,5,5,1,2,#NAME?
4089,5,5,1,3,#NAME?
4090,5,5,1,4,#NAME?
4091,5,5,1,5,#NAME?
4092,5,5,2,0,7
4093,5,5,2,1,#NAME?
4094,5,5,2,2,#NAME?
4095,5,5,2,3,#NAME?
4096,5,5,2,4,#NAME?
4097,5,5,2,5,7
4098,5,5,3,0,7
4099,5,5,3,1,7
4100,5,5,3,2,#NAME?
4101,5,5,3,3,#NAME?
4102,5,5,3,4,#NAME?
4103,5,5,3,5,#NAME?
4104,5,5,4,0,7
4105,5,5,4,1,7
4106,5,5,4,2,#NAME?
4107,5,5,4,3,#NAME?
4108,5,5,4,4,#NAME?
4109,5,5,4,5,#NAME?
4110,5,5,5,0,7
4111,5,5,5,1,#NAME?
4112,5,5,5,2,#NAME?
4113,5,5,5,3,#NAME?
4114,5,5,5,4,#NAME?
4115,5,5,5,5,7
4116,5,5,6,0,7
4117,5,5,6,1,#NAME?
4118,5,5,6,2,#NAME?
4119,5,5,6,3,#NAME?
4120,5,5,6,4,#NAME?
4121,5,5,6,5,#NAME?
4122,5,5,7,0,#NAME?
4123,5,5,7,1,#NAME?
4124,5,5,7,2,#NAME?
4125,5,5,7,3,#NAME?
4126,5,5,7,4,#NAME?
4127,5,5,7,5,9
4128,5,6,0,0,-10
4129,5,6,0,1,#NAME?
4130,5,6,0,2,#NAME?
4131,5,6,0,3,#NAME?
4132,5,6,0,4,#NAME?
4133,5,6,0,5,#NAME?
4134,5,6,1,0,-10
4135,5,6,1,1,#NAME?
4136,5,6,1,2,7
4137,5,6,1,3,#NAME?
4138,5,6,1,4,#NAME?
4139,5,6,1,5,#NAME?
4140,5,6,2,0,-10
4141,5,6,2,1,7
4142,5,6,2,2,#NAME?
4143,5,6,2,3,#NAME?
4144,5,6,2,4,#NAME?
4145,5,6,2,5,#NAME?
4146,5,6,3,0,-10
4147,5,6,3,1,#NAME?
4148,5,6,3,2,#NAME?
4149,5,6,3,3,#NAME?
4150,5,6,3,4,#NAME?
4151,5,6,3,5,7
4152,5,6,4,0,-10
4153,5,6,4,1,#NAME?
4154,5,6,4,2,7
4155,5,6,4,3,#NAME?
4156,5,6,4,4,#NAME?
4157,5,6,4,5,7
4158,5,6,5,0,-10
4159,5,6,5,1,#NAME?
4160,5,6,5,2,#NAME?
4161,5,6,5,3,#NAME?
4162,5,6,5,4,#NAME?
4163,5,6,5,5,#NAME?
4164,5,6,6,0,-10
4165,5,6,6,1,#NAME?
4166,5,6,6,2,8
4167,5,6,6,3,#NAME?
4168,5,6,6,4,#NAME?
4169,5,6,6,5,#NAME?
4170,5,6,7,0,-10
4171,5,6,7,1,#NAME?
4172,5,6,7,2,8
4173,5,6,7,3,#NAME?
4174,5,6,7,4,#NAME?
4175,5,6,7,5,#NAME?
4176,5,7,0,0,-20
4177,5,7,0,1,#NAME?
4178,5,7,0,2,7
4179,5,7,0,3,#NAME?
4180,5,7,0,4,#NAME?
4181,5,7,0,5,#NAME?
4182,5,7,1,0,#NAME?
4183,5,7,1,1,#NAME?
4184,5,7,1,2,7
4185,5,7,1,3,#NAME?
4186,5,7,1,4,7
4187,5,7,1,5,7
4188,5,7,2,0,-20
4189,5,7,2,1,#NAME?
4190,5,7,2,2,#NAME?
4191,5,7,2,3,7
4192,5,7,2,4,#NAME?
4193,5,7,2,5,7
4194,5,7,3,0,-20
4195,5,7,3,1,#NAME?
4196,5,7,3,2,#NAME?
4197,5,7,3,3,7
4198,5,7,3,4,#NAME?
4199,5,7,3,5,#NAME?
4200,5,7,4,0,-20
4201,5,7,4,1,-10
4202,5,7,4,2,#NAME?
4203,5,7,4,3,7
4204,5,7,4,4,#NAME?
4205,5,7,4,5,#NAME?
4206,5,7,5,0,#NAME?
4207,5,7,5,1,#NAME?
4208,5,7,5,2,7
4209,5,7,5,3,#NAME?
4210,5,7,5,4,#NAME?
4211,5,7,5,5,#NAME?
4212,5,7,6,0,-20
4213,5,7,6,1,-10
4214,5,7,6,2,#NAME?
4215,5,7,6,3,8
4216,5,7,6,4,#NAME?
4217,5,7,6,5,#NAME?
4218,5,7,7,0,-20
4219,5,7,7,1,#NAME?
4220,5,7,7,2,#NAME?
4221,5,7,7,3,#NAME?
4222,5,7,7,4,#NAME?
4223,5,7,7,5,#NAME?
4224,6,0,0,0,7
4225,6,0,0,1,#NAME?
4226,6,0,0,2,#NAME?
4227,6,0,0,3,#NAME?
4228,6,0,0,4,#NAME?
4229,6,0,0,5,#NAME?
4230,6,0,1,0,#NAME?
4231,6,0,1,1,#NAME?
4232,6,0,1,2,#NAME?
4233,6,0,1,3,#NAME?
4234,6,0,1,4,#NAME?
4235,6,0,1,5,#NAME?
4236,6,0,2,0,7
4237,6,0,2,1,#NAME?
4238,6,0,2,2,#NAME?
4239,6,0,2,3,#NAME?
4240,6,0,2,4,#NAME?
4241,6,0,2,5,#NAME?
4242,6,0,3,0,7
4243,6,0,3,1,#NAME?
4244,6,0,3,2,#NAME?
4245,6,0,3,3,#NAME?
4246,6,0,3,4,#NAME?
4247,6,0,3,5,#NAME?
4248,6,0,4,0,#NAME?
4249,6,0,4,1,#NAME?
4250,6,0,4,2,#NAME?
4251,6,0,4,3,#NAME?
4252,6,0,4,4,#NAME?
4253,6,0,4,5,#NAME?
4254,6,0,5,0,#NAME?
4255,6,0,5,1,#NAME?
4256,6,0,5,2,#NAME?
4257,6,0,5,3,#NAME?
4258,6,0,5,4,#NAME?
4259,6,0,5,5,#NAME?
4260,6,0,6,0,8
4261,6,0,6,1,#NAME?
4262,6,0,6,2,#NAME?
4263,6,0,6,3,#NAME?
4264,6,0,6,4,#NAME?
4265,6,0,6,5,#NAME?
4266,6,0,7,0,9
4267,6,0,7,1,#NAME?
4268,6,0,7,2,#NAME?
4269,6,0,7,3,#NAME?
4270,6,0,7,4,#NAME?
4271,6,0,7,5,#NAME?
4272,6,1,0,0,7
4273,6,1,0,1,#NAME?
4274,6,1,0,2,#NAME?
4275,6,1,0,3,#NAME?
4276,6,1,0,4,#NAME?
4277,6,1,0,5,#NAME?
4278,6,1,1,0,7
4279,6,1,1,1,#NAME?
4280,6,1,1,2,#NAME?
4281,6,1,1,3,#NAME?
4282,6,1,1,4,#NAME?
4283,6,1,1,5,#NAME?
4284,6,1,2,0,7
4285,6,1,2,1,#NAME?
4286,6,1,2,2,#NAME?
4287,6,1,2,3,#NAME?
4288,6,1,2,4,#NAME?
4289,6,1,2,5,#NAME?
4290,6,1,3,0,7
4291,6,1,3,1,#NAME?
4292,6,1,3,2,#NAME?
4293,6,1,3,3,-20
4294,6,1,3,4,#NAME?
4295,6,1,3,5,#NAME?
4296,6,1,4,0,7
4297,6,1,4,1,#NAME?
4298,6,1,4,2,#NAME?
4299,6,1,4,3,#NAME?
4300,6,1,4,4,#NAME?
4301,6,1,4,5,#NAME?
4302,6,1,5,0,7
4303,6,1,5,1,#NAME?
4304,6,1,5,2,#NAME?
4305,6,1,5,3,#NAME?
4306,6,1,5,4,-20
4307,6,1,5,5,#NAME?
4308,6,1,6,0,8
4309,6,1,6,1,#NAME?
4310,6,1,6,2,#NAME?
4311,6,1,6,3,#NAME?
4312,6,1,6,4,#NAME?
4313,6,1,6,5,-20
4314,6,1,7,0,9
4315,6,1,7,1,#NAME?
4316,6,1,7,2,#NAME?
4317,6,1,7,3,#NAME?
4318,6,1,7,4,#NAME?
4319,6,1,7,5,#NAME?
4320,6,2,0,0,#NAME?
4321,6,2,0,1,#NAME?
4322,6,2,0,2,#NAME?
4323,6,2,0,3,#NAME?
4324,6,2,0,4,#NAME?
4325,6,2,0,5,#NAME?
4326,6,2,1,0,7
4327,6,2,1,1,#NAME?
4328,6,2,1,2,#NAME?
4329,6,2,1,3,#NAME?
4330,6,2,1,4,#NAME?
4331,6,2,1,5,#NAME?
4332,6,2,2,0,7
4333,6,2,2,1,#NAME?
4334,6,2,2,2,#NAME?
4335,6,2,2,3,#NAME?
4336,6,2,2,4,#NAME?
4337,6,2,2,5,#NAME?
4338,6,2,3,0,7
4339,6,2,3,1,#NAME?
4340,6,2,3,2,#NAME?
4341,6,2,3,3,#NAME?
4342,6,2,3,4,#NAME?
4343,6,2,3,5,#NAME?
4344,6,2,4,0,7
4345,6,2,4,1,#NAME?
4346,6,2,4,2,#NAME?
4347,6,2,4,3,#NAME?
4348,6,2,4,4,#NAME?
4349,6,2,4,5,#NAME?
4350,6,2,5,0,#NAME?
4351,6,2,5,1,#NAME?
4352,6,2,5,2,#NAME?
4353,6,2,5,3,#NAME?
4354,6,2,5,4,#NAME?
4355,6,2,5,5,#NAME?
4356,6,2,6,0,8
4357,6,2,6,1,#NAME?
4358,6,2,6,2,#NAME?
4359,6,2,6,3,#NAME?
4360,6,2,6,4,#NAME?
4361,6,2,6,5,#NAME?
4362,6,2,7,0,9
4363,6,2,7,1,#NAME?
4364,6,2,7,2,#NAME?
4365,6,2,7,3,#NAME?
4366,6,2,7,4,#NAME?
4367,6,2,7,5,#NAME?
4368,6,3,0,0,#NAME?
4369,6,3,0,1,#NAME?
4370,6,3,0,2,#NAME?
4371,6,3,0,3,#NAME?
4372,6,3,0,4,#NAME?
4373,6,3,0,5,#NAME?
4374,6,3,1,0,7
4375,6,3,1,1,#NAME?
4376,6,3,1,2,#NAME?
4377,6,3,1,3,#NAME?
4378,6,3,1,4,#NAME?
4379,6,3,1,5,-20
4380,6,3,2,0,7
4381,6,3,2,1,#NAME?
4382,6,3,2,2,#NAME?
4383,6,3,2,3,#NAME?
4384,6,3,2,4,#NAME?
4385,6,3,2,5,#NAME?
4386,6,3,3,0,7
4387,6,3,3,1,#NAME?
4388,6,3,3,2,#NAME?
4389,6,3,3,3,#NAME?
4390,6,3,3,4,#NAME?
4391,6,3,3,5,#NAME?
4392,6,3,4,0,7
4393,6,3,4,1,#NAME?
4394,6,3,4,2,#NAME?
4395,6,3,4,3,#NAME?
4396,6,3,4,4,#NAME?
4397,6,3,4,5,#NAME?
4398,6,3,5,0,#NAME?
4399,6,3,5,1,#NAME?
4400,6,3,5,2,#NAME?
4401,6,3,5,3,#NAME?
4402,6,3,5,4,#NAME?
4403,6,3,5,5,#NAME?
4404,6,3,6,0,#NAME?
4405,6,3,6,1,#NAME?
4406,6,3,6,2,#NAME?
4407,6,3,6,3,#NAME?
4408,6,3,6,4,#NAME?
4409,6,3,6,5,#NAME?
4410,6,3,7,0,9
4411,6,3,7,1,#NAME?
4412,6,3,7,2,#NAME?
4413,6,3,7,3,#NAME?
4414,6,3,7,4,#NAME?
4415,6,3,7,5,#NAME?
4416,6,4,0,0,7
4417,6,4,0,1,#NAME?
4418,6,4,0,2,#NAME?
4419,6,4,0,3,#NAME?
4420,6,4,0,4,#NAME?
4421,6,4,0,5,#NAME?
4422,6,4,1,0,7
4423,6,4,1,1,#NAME?
4424,6,4,1,2,#NAME?
4425,6,4,1,3,7
4426,6,4,1,4,#NAME?
4427,6,4,1,5,#NAME?
4428,6,4,2,0,7
4429,6,4,2,1,#NAME?
4430,6,4,2,2,#NAME?
4431,6,4,2,3,#NAME?
4432,6,4,2,4,7
4433,6,4,2,5,#NAME?
4434,6,4,3,0,7
4435,6,4,3,1,#NAME?
4436,6,4,3,2,#NAME?
4437,6,4,3,3,#NAME?
4438,6,4,3,4,#NAME?
4439,6,4,3,5,#NAME?
4440,6,4,4,0,7
4441,6,4,4,1,#NAME?
4442,6,4,4,2,#NAME?
4443,6,4,4,3,#NAME?
4444,6,4,4,4,#NAME?
4445,6,4,4,5,#NAME?
4446,6,4,5,0,7
4447,6,4,5,1,#NAME?
4448,6,4,5,2,#NAME?
4449,6,4,5,3,#NAME?
4450,6,4,5,4,#NAME?
4451,6,4,5,5,#NAME?
4452,6,4,6,0,8
4453,6,4,6,1,#NAME?
4454,6,4,6,2,#NAME?
4455,6,4,6,3,#NAME?
4456,6,4,6,4,#NAME?
4457,6,4,6,5,#NAME?
4458,6,4,7,0,9
4459,6,4,7,1,#NAME?
4460,6,4,7,2,#NAME?
4461,6,4,7,3,#NAME?
4462,6,4,7,4,#NAME?
4463,6,4,7,5,#NAME?
4464,6,5,0,0,7
4465,6,5,0,1,#NAME?
4466,6,5,0,2,#NAME?
4467,6,5,0,3,#NAME?
4468,6,5,0,4,#NAME?
4469,6,5,0,5,#NAME?
4470,6,5,1,0,7
4471,6,5,1,1,#NAME?
4472,6,5,1,2,#NAME?
4473,6,5,1,3,#NAME?
4474,6,5,1,4,#NAME?
4475,6,5,1,5,7
4476,6,5,2,0,7
4477,6,5,2,1,#NAME?
4478,6,5,2,2,#NAME?
4479,6,5,2,3,#NAME?
4480,6,5,2,4,#NAME?
4481,6,5,2,5,#NAME?
4482,6,5,3,0,7
4483,6,5,3,1,#NAME?
4484,6,5,3,2,#NAME?
4485,6,5,3,3,#NAME?
4486,6,5,3,4,#NAME?
4487,6,5,3,5,#NAME?
4488,6,5,4,0,7
4489,6,5,4,1,#NAME?
4490,6,5,4,2,#NAME?
4491,6,5,4,3,#NAME?
4492,6,5,4,4,#NAME?
4493,6,5,4,5,#NAME?
4494,6,5,5,0,7
4495,6,5,5,1,#NAME?
4496,6,5,5,2,#NAME?
4497,6,5,5,3,#NAME?
4498,6,5,5,4,#NAME?
4499,6,5,5,5,#NAME?
4500,6,5,6,0,8
4501,6,5,6,1,#NAME?
4502,6,5,6,2,#NAME?
4503,6,5,6,3,#NAME?
4504,6,5,6,4,#NAME?
4505,6,5,6,5,#NAME?
4506,6,5,7,0,8
4507,6,5,7,1,#NAME?
4508,6,5,7,2,#NAME?
4509,6,5,7,3,#NAME?
4510,6,5,7,4,#NAME?
4511,6,5,7,5,#NAME?
4512,6,6,0,0,#NAME?
4513,6,6,0,1,#NAME?
4514,6,6,0,2,7
4515,6,6,0,3,#NAME?
4516,6,6,0,4,#NAME?
4517,6,6,0,5,#NAME?
4518,6,6,1,0,7
4519,6,6,1,1,#NAME?
4520,6,6,1,2,#NAME?
4521,6,6,1,3,#NAME?
4522,6,6,1,4,#NAME?
4523,6,6,1,5,#NAME?
4524,6,6,2,0,#NAME?
4525,6,6,2,1,#NAME?
4526,6,6,2,2,#NAME?
4527,6,6,2,3,#NAME?
4528,6,6,2,4,#NAME?
4529,6,6,2,5,7
4530,6,6,3,0,7
4531,6,6,3,1,#NAME?
4532,6,6,3,2,#NAME?
4533,6,6,3,3,#NAME?
4534,6,6,3,4,#NAME?
4535,6,6,3,5,#NAME?
4536,6,6,4,0,7
4537,6,6,4,1,#NAME?
4538,6,6,4,2,#NAME?
4539,6,6,4,3,#NAME?
4540,6,6,4,4,#NAME?
4541,6,6,4,5,#NAME?
4542,6,6,5,0,7
4543,6,6,5,1,#NAME?
4544,6,6,5,2,7
4545,6,6,5,3,#NAME?
4546,6,6,5,4,#NAME?
4547,6,6,5,5,#NAME?
4548,6,6,6,0,7
4549,6,6,6,1,#NAME?
4550,6,6,6,2,#NAME?
4551,6,6,6,3,#NAME?
4552,6,6,6,4,#NAME?
4553,6,6,6,5,#NAME?
4554,6,6,7,0,#NAME?
4555,6,6,7,1,#NAME?
4556,6,6,7,2,#NAME?
4557,6,6,7,3,#NAME?
4558,6,6,7,4,#NAME?
4559,6,6,7,5,9
4560,6,7,0,0,-10
4561,6,7,0,1,#NAME?
4562,6,7,0,2,#NAME?
4563,6,7,0,3,7
4564,6,7,0,4,#NAME?
4565,6,7,0,5,#NAME?
4566,6,7,1,0,-10
4567,6,7,1,1,#NAME?
4568,6,7,1,2,#NAME?
4569,6,7,1,3,7
4570,6,7,1,4,#NAME?
4571,6,7,1,5,#NAME?
4572,6,7,2,0,-10
4573,6,7,2,1,#NAME?
4574,6,7,2,2,#NAME?
4575,6,7,2,3,#NAME?
4576,6,7,2,4,#NAME?
4577,6,7,2,5,#NAME?
4578,6,7,3,0,-10
4579,6,7,3,1,#NAME?
4580,6,7,3,2,#NAME?
4581,6,7,3,3,#NAME?
4582,6,7,3,4,#NAME?
4583,6,7,3,5,#NAME?
4584,6,7,4,0,-10
4585,6,7,4,1,#NAME?
4586,6,7,4,2,#NAME?
4587,6,7,4,3,#NAME?
4588,6,7,4,4,#NAME?
4589,6,7,4,5,#NAME?
4590,6,7,5,0,-10
4591,6,7,5,1,#NAME?
4592,6,7,5,2,7
4593,6,7,5,3,7
4594,6,7,5,4,#NAME?
4595,6,7,5,5,#NAME?
4596,6,7,6,0,-10
4597,6,7,6,1,#NAME?
4598,6,7,6,2,#NAME?
4599,6,7,6,3,#NAME?
4600,6,7,6,4,#NAME?
4601,6,7,6,5,#NAME?
4602,6,7,7,0,-10
4603,6,7,7,1,#NAME?
4604,6,7,7,2,#NAME?
4605,6,7,7,3,#NAME?
4606,6,7,7,4,#NAME?
4607,6,7,7,5,#NAME?
