Time,Machine 0 Action,Machine 1 Action,Machine 2 Action,Machine 3 Action,Queue 0 Product 0,Queue 0 Product 1,Queue 1 Product 0,Queue 1 Product 1,Queue 2 Product 0,Queue 2 Product 1,Queue 3 Product 0,Queue 3 Product 1,Queue Fin Product 0,Queue Fin Product 1,Demand Queue Product 0,Demand Queue Product 1,Machine 0 Current Product,Machine 1 Current Product,Machine 2 Current Product,Machine 3 Current Product,Machine 0 timeremaining,Machine 1 timeremaining,Machine 2 timeremaining,Machine 3 timeremaining
0,Prod0,,,,60,64,0,0,0,0,0,0,0,0,64,64,0,None,None,None,16,None,None,None
1,,,,,60,64,0,0,0,0,0,0,0,0,64,64,0,None,None,None,15,None,None,None
2,,,,,60,64,0,0,0,0,0,0,0,0,64,64,0,None,None,None,14,None,None,None
3,,,,,60,64,0,0,0,0,0,0,0,0,64,64,0,None,None,None,13,None,None,None
4,,,,,60,64,0,0,0,0,0,0,0,0,64,64,0,None,None,None,12,None,None,None
5,,,,,60,64,0,0,0,0,0,0,0,0,64,64,0,None,None,None,11,None,None,None
6,,,,,60,64,0,0,0,0,0,0,0,0,64,64,0,None,None,None,10,None,None,None
7,,,,,60,64,0,0,0,0,0,0,0,0,64,64,0,None,None,None,9,None,None,None
8,,,,,60,64,0,0,0,0,0,0,0,0,64,64,0,None,None,None,8,None,None,None
9,,,,,60,64,0,0,0,0,0,0,0,0,64,64,0,None,None,None,7,None,None,None
10,,,,,60,64,0,0,0,0,0,0,0,0,64,64,0,None,None,None,6,None,None,None
11,,,,,60,64,0,0,0,0,0,0,0,0,64,64,0,None,None,None,5,None,None,None
12,,,,,60,64,0,0,0,0,0,0,0,0,64,64,0,None,None,None,4,None,None,None
13,,,,,60,64,0,0,0,0,0,0,0,0,64,64,0,None,None,None,3,None,None,None
14,,,,,60,64,0,0,0,0,0,0,0,0,64,64,0,None,None,None,2,None,None,None
15,,,,,60,64,0,0,0,0,0,0,0,0,64,64,0,None,None,None,1,None,None,None
16,,,,,60,64,4,0,0,0,0,0,0,0,64,64,0,None,None,None,0,None,None,None
17,Prod0,Prod0,,,56,64,3,0,0,0,0,0,0,0,64,64,0,0,None,None,16,3,None,None
18,,,,,56,64,3,0,0,0,0,0,0,0,64,64,0,0,None,None,15,2,None,None
19,,,,,56,64,3,0,0,0,0,0,0,0,64,64,0,0,None,None,14,1,None,None
20,,,,,56,64,3,0,1,0,0,0,0,0,64,64,0,0,None,None,13,0,None,None
21,,Prod0,,,56,64,2,0,1,0,0,0,0,0,64,64,0,0,None,None,12,2,None,None
22,,,,,56,64,2,0,1,0,0,0,0,0,64,64,0,0,None,None,11,1,None,None
23,,,,,56,64,2,0,2,0,0,0,0,0,64,64,0,0,None,None,10,0,None,None
24,,Prod0,,,56,64,1,0,2,0,0,0,0,0,64,64,0,0,None,None,9,2,None,None
25,,,,,56,64,1,0,2,0,0,0,0,0,64,64,0,0,None,None,8,1,None,None
26,,,,,56,64,1,0,3,0,0,0,0,0,64,64,0,0,None,None,7,0,None,None
27,,Prod0,,,56,64,0,0,3,0,0,0,0,0,64,64,0,0,None,None,6,2,None,None
28,,,,,56,64,0,0,3,0,0,0,0,0,64,64,0,0,None,None,5,1,None,None
29,,,,,56,64,0,0,4,0,0,0,0,0,64,64,0,0,None,None,4,0,None,None
30,,,Prod0,,56,64,0,0,0,0,0,0,0,0,64,64,0,0,0,None,3,0,16,None
31,,,,,56,64,0,0,0,0,0,0,0,0,64,64,0,0,0,None,2,0,15,None
32,,,,,56,64,0,0,0,0,0,0,0,0,64,64,0,0,0,None,1,0,14,None
33,,,,,56,64,4,0,0,0,0,0,0,0,64,64,0,0,0,None,0,0,13,None
34,Prod0,Prod0,,,52,64,3,0,0,0,0,0,0,0,64,64,0,0,0,None,16,2,12,None
35,,,,,52,64,3,0,0,0,0,0,0,0,64,64,0,0,0,None,15,1,11,None
36,,,,,52,64,3,0,1,0,0,0,0,0,64,64,0,0,0,None,14,0,10,None
37,,Prod0,,,52,64,2,0,1,0,0,0,0,0,64,64,0,0,0,None,13,2,9,None
38,,,,,52,64,2,0,1,0,0,0,0,0,64,64,0,0,0,None,12,1,8,None
39,,,,,52,64,2,0,2,0,0,0,0,0,64,64,0,0,0,None,11,0,7,None
40,,Prod0,,,52,64,1,0,2,0,0,0,0,0,64,64,0,0,0,None,10,2,6,None
41,,,,,52,64,1,0,2,0,0,0,0,0,64,64,0,0,0,None,9,1,5,None
42,,,,,52,64,1,0,3,0,0,0,0,0,64,64,0,0,0,None,8,0,4,None
43,,Prod0,,,52,64,0,0,3,0,0,0,0,0,64,64,0,0,0,None,7,2,3,None
44,,,,,52,64,0,0,3,0,0,0,0,0,64,64,0,0,0,None,6,1,2,None
45,,,,,52,64,0,0,4,0,0,0,0,0,64,64,0,0,0,None,5,0,1,None
46,,,,,52,64,0,0,4,0,4,0,0,0,64,64,0,0,0,None,4,0,0,None
47,,,Prod0,Prod0,52,64,0,0,0,0,3,0,0,0,64,64,0,0,0,0,3,0,16,3
48,,,,,52,64,0,0,0,0,3,0,0,0,64,64,0,0,0,0,2,0,15,2
49,,,,,52,64,0,0,0,0,3,0,0,0,64,64,0,0,0,0,1,0,14,1
50,,,,,52,64,4,0,0,0,3,0,0,0,63,64,0,0,0,0,0,0,13,0
51,Prod1,Prod0,,Prod0,52,60,3,0,0,0,2,0,0,0,63,64,1,0,0,0,20,2,12,2
52,,,,,52,60,3,0,0,0,2,0,0,0,63,64,1,0,0,0,19,1,11,1
53,,,,,52,60,3,0,1,0,2,0,0,0,62,64,1,0,0,0,18,0,10,0
54,,Prod0,,Prod0,52,60,2,0,1,0,1,0,0,0,62,64,1,0,0,0,17,2,9,2
55,,,,,52,60,2,0,1,0,1,0,0,0,62,64,1,0,0,0,16,1,8,1
56,,,,,52,60,2,0,2,0,1,0,0,0,61,64,1,0,0,0,15,0,7,0
57,,Prod0,,Prod0,52,60,1,0,2,0,0,0,0,0,61,64,1,0,0,0,14,2,6,2
58,,,,,52,60,1,0,2,0,0,0,0,0,61,64,1,0,0,0,13,1,5,1
59,,,,,52,60,1,0,3,0,0,0,0,0,60,64,1,0,0,0,12,0,4,0
60,,Prod0,,,52,60,0,0,3,0,0,0,0,0,60,64,1,0,0,0,11,2,3,0
61,,,,,52,60,0,0,3,0,0,0,0,0,60,64,1,0,0,0,10,1,2,0
62,,,,,52,60,0,0,4,0,0,0,0,0,60,64,1,0,0,0,9,0,1,0
63,,,,,52,60,0,0,4,0,4,0,0,0,60,64,1,0,0,0,8,0,0,0
64,,,Prod0,Prod0,52,60,0,0,0,0,3,0,0,0,60,64,1,0,0,0,7,0,16,2
65,,,,,52,60,0,0,0,0,3,0,0,0,60,64,1,0,0,0,6,0,15,1
66,,,,,52,60,0,0,0,0,3,0,0,0,59,64,1,0,0,0,5,0,14,0
67,,,,Prod0,52,60,0,0,0,0,2,0,0,0,59,64,1,0,0,0,4,0,13,2
68,,,,,52,60,0,0,0,0,2,0,0,0,59,64,1,0,0,0,3,0,12,1
69,,,,,52,60,0,0,0,0,2,0,0,0,58,64,1,0,0,0,2,0,11,0
70,,,,Prod0,52,60,0,0,0,0,1,0,0,0,58,64,1,0,0,0,1,0,10,2
71,,,,,52,60,0,4,0,0,1,0,0,0,58,64,1,0,0,0,0,0,9,1
72,Prod1,Prod1,,,52,56,0,3,0,0,1,0,0,0,57,64,1,1,0,0,20,3,8,0
73,,,,Prod0,52,56,0,3,0,0,0,0,0,0,57,64,1,1,0,0,19,2,7,2
74,,,,,52,56,0,3,0,0,0,0,0,0,57,64,1,1,0,0,18,1,6,1
75,,,,,52,56,0,3,0,1,0,0,0,0,56,64,1,1,0,0,17,0,5,0
76,,Prod1,,,52,56,0,2,0,1,0,0,0,0,56,64,1,1,0,0,16,2,4,0
77,,,,,52,56,0,2,0,1,0,0,0,0,56,64,1,1,0,0,15,1,3,0
78,,,,,52,56,0,2,0,2,0,0,0,0,56,64,1,1,0,0,14,0,2,0
79,,Prod1,,,52,56,0,1,0,2,0,0,0,0,56,64,1,1,0,0,13,2,1,0
80,,,,,52,56,0,1,0,2,4,0,0,0,56,64,1,1,0,0,12,1,0,0
81,,,,Prod0,52,56,0,1,0,3,3,0,0,0,56,64,1,1,0,0,11,0,0,2
82,,Prod1,,,52,56,0,0,0,3,3,0,0,0,56,64,1,1,0,0,10,2,0,1
83,,,,,52,56,0,0,0,3,3,0,0,0,55,64,1,1,0,0,9,1,0,0
84,,,,Prod0,52,56,0,0,0,4,2,0,0,0,55,64,1,1,0,0,8,0,0,2
85,,,Prod1,,52,56,0,0,0,0,2,0,0,0,55,64,1,1,1,0,7,0,20,1
86,,,,,52,56,0,0,0,0,2,0,0,0,54,64,1,1,1,0,6,0,19,0
87,,,,Prod0,52,56,0,0,0,0,1,0,0,0,54,64,1,1,1,0,5,0,18,2
88,,,,,52,56,0,0,0,0,1,0,0,0,54,64,1,1,1,0,4,0,17,1
89,,,,,52,56,0,0,0,0,1,0,0,0,53,64,1,1,1,0,3,0,16,0
90,,,,Prod0,52,56,0,0,0,0,0,0,0,0,53,64,1,1,1,0,2,0,15,2
91,,,,,52,56,0,0,0,0,0,0,0,0,53,64,1,1,1,0,1,0,14,1
92,,,,,52,56,0,4,0,0,0,0,0,0,52,64,1,1,1,0,0,0,13,0
93,Prod1,Prod1,,,52,52,0,3,0,0,0,0,0,0,52,64,1,1,1,0,20,2,12,0
94,,,,,52,52,0,3,0,0,0,0,0,0,52,64,1,1,1,0,19,1,11,0
95,,,,,52,52,0,3,0,1,0,0,0,0,52,64,1,1,1,0,18,0,10,0
96,,Prod1,,,52,52,0,2,0,1,0,0,0,0,52,64,1,1,1,0,17,2,9,0
97,,,,,52,52,0,2,0,1,0,0,0,0,52,64,1,1,1,0,16,1,8,0
98,,,,,52,52,0,2,0,2,0,0,0,0,52,64,1,1,1,0,15,0,7,0
99,,Prod1,,,52,52,0,1,0,2,0,0,0,0,52,64,1,1,1,0,14,2,6,0
100,,,,,52,52,0,1,0,2,0,0,0,0,52,64,1,1,1,0,13,1,5,0
101,,,,,52,52,0,1,0,3,0,0,0,0,52,64,1,1,1,0,12,0,4,0
102,,Prod1,,,52,52,0,0,0,3,0,0,0,0,52,64,1,1,1,0,11,2,3,0
103,,,,,52,52,0,0,0,3,0,0,0,0,52,64,1,1,1,0,10,1,2,0
104,,,,,52,52,0,0,0,4,0,0,0,0,52,64,1,1,1,0,9,0,1,0
105,,,,,52,52,0,0,0,4,0,4,0,0,52,64,1,1,1,0,8,0,0,0
106,,,Prod1,Prod1,52,52,0,0,0,0,0,3,0,0,52,64,1,1,1,1,7,0,20,3
107,,,,,52,52,0,0,0,0,0,3,0,0,52,64,1,1,1,1,6,0,19,2
108,,,,,52,52,0,0,0,0,0,3,0,0,52,64,1,1,1,1,5,0,18,1
109,,,,,52,52,0,0,0,0,0,3,0,0,52,63,1,1,1,1,4,0,17,0
110,,,,Prod1,52,52,0,0,0,0,0,2,0,0,52,63,1,1,1,1,3,0,16,2
111,,,,,52,52,0,0,0,0,0,2,0,0,52,63,1,1,1,1,2,0,15,1
112,,,,,52,52,0,0,0,0,0,2,0,0,52,62,1,1,1,1,1,0,14,0
113,,,,Prod1,52,52,0,4,0,0,0,1,0,0,52,62,1,1,1,1,0,0,13,2
114,Prod1,Prod1,,,52,48,0,3,0,0,0,1,0,0,52,62,1,1,1,1,20,2,12,1
115,,,,,52,48,0,3,0,0,0,1,0,0,52,61,1,1,1,1,19,1,11,0
116,,,,Prod1,52,48,0,3,0,1,0,0,0,0,52,61,1,1,1,1,18,0,10,2
117,,Prod1,,,52,48,0,2,0,1,0,0,0,0,52,61,1,1,1,1,17,2,9,1
118,,,,,52,48,0,2,0,1,0,0,0,0,52,60,1,1,1,1,16,1,8,0
119,,,,,52,48,0,2,0,2,0,0,0,0,52,60,1,1,1,1,15,0,7,0
120,,Prod1,,,52,48,0,1,0,2,0,0,0,0,52,60,1,1,1,1,14,2,6,0
121,,,,,52,48,0,1,0,2,0,0,0,0,52,60,1,1,1,1,13,1,5,0
122,,,,,52,48,0,1,0,3,0,0,0,0,52,60,1,1,1,1,12,0,4,0
123,,Prod1,,,52,48,0,0,0,3,0,0,0,0,52,60,1,1,1,1,11,2,3,0
124,,,,,52,48,0,0,0,3,0,0,0,0,52,60,1,1,1,1,10,1,2,0
125,,,,,52,48,0,0,0,4,0,0,0,0,52,60,1,1,1,1,9,0,1,0
126,,,,,52,48,0,0,0,4,0,4,0,0,52,60,1,1,1,1,8,0,0,0
127,,,Prod1,Prod1,52,48,0,0,0,0,0,3,0,0,52,60,1,1,1,1,7,0,20,2
128,,,,,52,48,0,0,0,0,0,3,0,0,52,60,1,1,1,1,6,0,19,1
129,,,,,52,48,0,0,0,0,0,3,0,0,52,59,1,1,1,1,5,0,18,0
130,,,,Prod1,52,48,0,0,0,0,0,2,0,0,52,59,1,1,1,1,4,0,17,2
131,,,,,52,48,0,0,0,0,0,2,0,0,52,59,1,1,1,1,3,0,16,1
132,,,,,52,48,0,0,0,0,0,2,0,0,52,58,1,1,1,1,2,0,15,0
133,,,,Prod1,52,48,0,0,0,0,0,1,0,0,52,58,1,1,1,1,1,0,14,2
134,,,,,52,48,0,4,0,0,0,1,0,0,52,58,1,1,1,1,0,0,13,1
135,Prod1,Prod1,,,52,44,0,3,0,0,0,1,0,0,52,57,1,1,1,1,20,2,12,0
136,,,,Prod1,52,44,0,3,0,0,0,0,0,0,52,57,1,1,1,1,19,1,11,2
137,,,,,52,44,0,3,0,1,0,0,0,0,52,57,1,1,1,1,18,0,10,1
138,,Prod1,,,52,44,0,2,0,1,0,0,0,0,52,56,1,1,1,1,17,2,9,0
139,,,,,52,44,0,2,0,1,0,0,0,0,52,56,1,1,1,1,16,1,8,0
140,,,,,52,44,0,2,0,2,0,0,0,0,52,56,1,1,1,1,15,0,7,0
141,,Prod1,,,52,44,0,1,0,2,0,0,0,0,52,56,1,1,1,1,14,2,6,0
142,,,,,52,44,0,1,0,2,0,0,0,0,52,56,1,1,1,1,13,1,5,0
143,,,,,52,44,0,1,0,3,0,0,0,0,52,56,1,1,1,1,12,0,4,0
144,,Prod1,,,52,44,0,0,0,3,0,0,0,0,52,56,1,1,1,1,11,2,3,0
145,,,,,52,44,0,0,0,3,0,0,0,0,52,56,1,1,1,1,10,1,2,0
146,,,,,52,44,0,0,0,4,0,0,0,0,52,56,1,1,1,1,9,0,1,0
147,,,,,52,44,0,0,0,4,0,4,0,0,52,56,1,1,1,1,8,0,0,0
148,,,Prod1,Prod1,52,44,0,0,0,0,0,3,0,0,52,56,1,1,1,1,7,0,20,2
149,,,,,52,44,0,0,0,0,0,3,0,0,52,56,1,1,1,1,6,0,19,1
150,,,,,52,44,0,0,0,0,0,3,0,0,52,55,1,1,1,1,5,0,18,0
151,,,,Prod1,52,44,0,0,0,0,0,2,0,0,52,55,1,1,1,1,4,0,17,2
152,,,,,52,44,0,0,0,0,0,2,0,0,52,55,1,1,1,1,3,0,16,1
153,,,,,52,44,0,0,0,0,0,2,0,0,52,54,1,1,1,1,2,0,15,0
154,,,,Prod1,52,44,0,0,0,0,0,1,0,0,52,54,1,1,1,1,1,0,14,2
155,,,,,52,44,0,4,0,0,0,1,0,0,52,54,1,1,1,1,0,0,13,1
156,Prod1,Prod1,,,52,40,0,3,0,0,0,1,0,0,52,53,1,1,1,1,20,2,12,0
157,,,,Prod1,52,40,0,3,0,0,0,0,0,0,52,53,1,1,1,1,19,1,11,2
158,,,,,52,40,0,3,0,1,0,0,0,0,52,53,1,1,1,1,18,0,10,1
159,,Prod1,,,52,40,0,2,0,1,0,0,0,0,52,52,1,1,1,1,17,2,9,0
160,,,,,52,40,0,2,0,1,0,0,0,0,52,52,1,1,1,1,16,1,8,0
161,,,,,52,40,0,2,0,2,0,0,0,0,52,52,1,1,1,1,15,0,7,0
162,,Prod1,,,52,40,0,1,0,2,0,0,0,0,52,52,1,1,1,1,14,2,6,0
163,,,,,52,40,0,1,0,2,0,0,0,0,52,52,1,1,1,1,13,1,5,0
164,,,,,52,40,0,1,0,3,0,0,0,0,52,52,1,1,1,1,12,0,4,0
165,,Prod1,,,52,40,0,0,0,3,0,0,0,0,52,52,1,1,1,1,11,2,3,0
166,,,,,52,40,0,0,0,3,0,0,0,0,52,52,1,1,1,1,10,1,2,0
167,,,,,52,40,0,0,0,4,0,0,0,0,52,52,1,1,1,1,9,0,1,0
168,,,,,52,40,0,0,0,4,0,4,0,0,52,52,1,1,1,1,8,0,0,0
169,,,Prod1,Prod1,52,40,0,0,0,0,0,3,0,0,52,52,1,1,1,1,7,0,20,2
170,,,,,52,40,0,0,0,0,0,3,0,0,52,52,1,1,1,1,6,0,19,1
171,,,,,52,40,0,0,0,0,0,3,0,0,52,51,1,1,1,1,5,0,18,0
172,,,,Prod1,52,40,0,0,0,0,0,2,0,0,52,51,1,1,1,1,4,0,17,2
173,,,,,52,40,0,0,0,0,0,2,0,0,52,51,1,1,1,1,3,0,16,1
174,,,,,52,40,0,0,0,0,0,2,0,0,52,50,1,1,1,1,2,0,15,0
175,,,,Prod1,52,40,0,0,0,0,0,1,0,0,52,50,1,1,1,1,1,0,14,2
176,,,,,52,40,0,4,0,0,0,1,0,0,52,50,1,1,1,1,0,0,13,1
177,Prod0,Prod1,,,48,40,0,3,0,0,0,1,0,0,52,49,0,1,1,1,16,2,12,0
178,,,,Prod1,48,40,0,3,0,0,0,0,0,0,52,49,0,1,1,1,15,1,11,2
179,,,,,48,40,0,3,0,1,0,0,0,0,52,49,0,1,1,1,14,0,10,1
180,,Prod1,,,48,40,0,2,0,1,0,0,0,0,52,48,0,1,1,1,13,2,9,0
181,,,,,48,40,0,2,0,1,0,0,0,0,52,48,0,1,1,1,12,1,8,0
182,,,,,48,40,0,2,0,2,0,0,0,0,52,48,0,1,1,1,11,0,7,0
183,,Prod1,,,48,40,0,1,0,2,0,0,0,0,52,48,0,1,1,1,10,2,6,0
184,,,,,48,40,0,1,0,2,0,0,0,0,52,48,0,1,1,1,9,1,5,0
185,,,,,48,40,0,1,0,3,0,0,0,0,52,48,0,1,1,1,8,0,4,0
186,,Prod1,,,48,40,0,0,0,3,0,0,0,0,52,48,0,1,1,1,7,2,3,0
187,,,,,48,40,0,0,0,3,0,0,0,0,52,48,0,1,1,1,6,1,2,0
188,,,,,48,40,0,0,0,4,0,0,0,0,52,48,0,1,1,1,5,0,1,0
189,,,,,48,40,0,0,0,4,0,4,0,0,52,48,0,1,1,1,4,0,0,0
190,,,Prod1,Prod1,48,40,0,0,0,0,0,3,0,0,52,48,0,1,1,1,3,0,20,2
191,,,,,48,40,0,0,0,0,0,3,0,0,52,48,0,1,1,1,2,0,19,1
192,,,,,48,40,0,0,0,0,0,3,0,0,52,47,0,1,1,1,1,0,18,0
193,,,,Prod1,48,40,4,0,0,0,0,2,0,0,52,47,0,1,1,1,0,0,17,2
194,Prod0,Prod0,,,44,40,3,0,0,0,0,2,0,0,52,47,0,0,1,1,16,3,16,1
195,,,,,44,40,3,0,0,0,0,2,0,0,52,46,0,0,1,1,15,2,15,0
196,,,,Prod1,44,40,3,0,0,0,0,1,0,0,52,46,0,0,1,1,14,1,14,2
197,,,,,44,40,3,0,1,0,0,1,0,0,52,46,0,0,1,1,13,0,13,1
198,,Prod0,,,44,40,2,0,1,0,0,1,0,0,52,45,0,0,1,1,12,2,12,0
199,,,,Prod1,44,40,2,0,1,0,0,0,0,0,52,45,0,0,1,1,11,1,11,2
200,,,,,44,40,2,0,2,0,0,0,0,0,52,45,0,0,1,1,10,0,10,1
201,,Prod0,,,44,40,1,0,2,0,0,0,0,0,52,44,0,0,1,1,9,2,9,0
202,,,,,44,40,1,0,2,0,0,0,0,0,52,44,0,0,1,1,8,1,8,0
203,,,,,44,40,1,0,3,0,0,0,0,0,52,44,0,0,1,1,7,0,7,0
204,,Prod0,,,44,40,0,0,3,0,0,0,0,0,52,44,0,0,1,1,6,2,6,0
205,,,,,44,40,0,0,3,0,0,0,0,0,52,44,0,0,1,1,5,1,5,0
206,,,,,44,40,0,0,4,0,0,0,0,0,52,44,0,0,1,1,4,0,4,0
207,,,,,44,40,0,0,4,0,0,0,0,0,52,44,0,0,1,1,3,0,3,0
208,,,,,44,40,0,0,4,0,0,0,0,0,52,44,0,0,1,1,2,0,2,0
209,,,,,44,40,0,0,4,0,0,0,0,0,52,44,0,0,1,1,1,0,1,0
210,,,,,44,40,4,0,4,0,0,4,0,0,52,44,0,0,1,1,0,0,0,0
211,Prod0,Prod0,Prod0,Prod1,40,40,3,0,0,0,0,3,0,0,52,44,0,0,0,1,16,2,16,2
212,,,,,40,40,3,0,0,0,0,3,0,0,52,44,0,0,0,1,15,1,15,1
213,,,,,40,40,3,0,1,0,0,3,0,0,52,43,0,0,0,1,14,0,14,0
214,,Prod0,,Prod1,40,40,2,0,1,0,0,2,0,0,52,43,0,0,0,1,13,2,13,2
215,,,,,40,40,2,0,1,0,0,2,0,0,52,43,0,0,0,1,12,1,12,1
216,,,,,40,40,2,0,2,0,0,2,0,0,52,42,0,0,0,1,11,0,11,0
217,,Prod0,,Prod1,40,40,1,0,2,0,0,1,0,0,52,42,0,0,0,1,10,2,10,2
218,,,,,40,40,1,0,2,0,0,1,0,0,52,42,0,0,0,1,9,1,9,1
219,,,,,40,40,1,0,3,0,0,1,0,0,52,41,0,0,0,1,8,0,8,0
220,,Prod0,,Prod1,40,40,0,0,3,0,0,0,0,0,52,41,0,0,0,1,7,2,7,2
221,,,,,40,40,0,0,3,0,0,0,0,0,52,41,0,0,0,1,6,1,6,1
222,,,,,40,40,0,0,4,0,0,0,0,0,52,40,0,0,0,1,5,0,5,0
223,,,,,40,40,0,0,4,0,0,0,0,0,52,40,0,0,0,1,4,0,4,0
224,,,,,40,40,0,0,4,0,0,0,0,0,52,40,0,0,0,1,3,0,3,0
225,,,,,40,40,0,0,4,0,0,0,0,0,52,40,0,0,0,1,2,0,2,0
226,,,,,40,40,0,0,4,0,0,0,0,0,52,40,0,0,0,1,1,0,1,0
227,,,,,40,40,4,0,4,0,4,0,0,0,52,40,0,0,0,1,0,0,0,0
228,Prod0,Prod0,Prod0,Prod0,36,40,3,0,0,0,3,0,0,0,52,40,0,0,0,0,16,2,16,3
229,,,,,36,40,3,0,0,0,3,0,0,0,52,40,0,0,0,0,15,1,15,2
230,,,,,36,40,3,0,1,0,3,0,0,0,52,40,0,0,0,0,14,0,14,1
231,,Prod0,,,36,40,2,0,1,0,3,0,0,0,51,40,0,0,0,0,13,2,13,0
232,,,,Prod0,36,40,2,0,1,0,2,0,0,0,51,40,0,0,0,0,12,1,12,2
233,,,,,36,40,2,0,2,0,2,0,0,0,51,40,0,0,0,0,11,0,11,1
234,,Prod0,,,36,40,1,0,2,0,2,0,0,0,50,40,0,0,0,0,10,2,10,0
235,,,,Prod0,36,40,1,0,2,0,1,0,0,0,50,40,0,0,0,0,9,1,9,2
236,,,,,36,40,1,0,3,0,1,0,0,0,50,40,0,0,0,0,8,0,8,1
237,,Prod0,,,36,40,0,0,3,0,1,0,0,0,49,40,0,0,0,0,7,2,7,0
238,,,,Prod0,36,40,0,0,3,0,0,0,0,0,49,40,0,0,0,0,6,1,6,2
239,,,,,36,40,0,0,4,0,0,0,0,0,49,40,0,0,0,0,5,0,5,1
240,,,,,36,40,0,0,4,0,0,0,0,0,48,40,0,0,0,0,4,0,4,0
241,,,,,36,40,0,0,4,0,0,0,0,0,48,40,0,0,0,0,3,0,3,0
242,,,,,36,40,0,0,4,0,0,0,0,0,48,40,0,0,0,0,2,0,2,0
243,,,,,36,40,0,0,4,0,0,0,0,0,48,40,0,0,0,0,1,0,1,0
244,,,,,36,40,4,0,4,0,4,0,0,0,48,40,0,0,0,0,0,0,0,0
245,Prod0,Prod0,Prod0,Prod0,32,40,3,0,0,0,3,0,0,0,48,40,0,0,0,0,16,2,16,2
246,,,,,32,40,3,0,0,0,3,0,0,0,48,40,0,0,0,0,15,1,15,1
247,,,,,32,40,3,0,1,0,3,0,0,0,47,40,0,0,0,0,14,0,14,0
248,,Prod0,,Prod0,32,40,2,0,1,0,2,0,0,0,47,40,0,0,0,0,13,2,13,2
249,,,,,32,40,2,0,1,0,2,0,0,0,47,40,0,0,0,0,12,1,12,1
250,,,,,32,40,2,0,2,0,2,0,0,0,46,40,0,0,0,0,11,0,11,0
251,,Prod0,,Prod0,32,40,1,0,2,0,1,0,0,0,46,40,0,0,0,0,10,2,10,2
252,,,,,32,40,1,0,2,0,1,0,0,0,46,40,0,0,0,0,9,1,9,1
253,,,,,32,40,1,0,3,0,1,0,0,0,45,40,0,0,0,0,8,0,8,0
254,,Prod0,,Prod0,32,40,0,0,3,0,0,0,0,0,45,40,0,0,0,0,7,2,7,2
255,,,,,32,40,0,0,3,0,0,0,0,0,45,40,0,0,0,0,6,1,6,1
256,,,,,32,40,0,0,4,0,0,0,0,0,44,40,0,0,0,0,5,0,5,0
257,,,,,32,40,0,0,4,0,0,0,0,0,44,40,0,0,0,0,4,0,4,0
258,,,,,32,40,0,0,4,0,0,0,0,0,44,40,0,0,0,0,3,0,3,0
259,,,,,32,40,0,0,4,0,0,0,0,0,44,40,0,0,0,0,2,0,2,0
260,,,,,32,40,0,0,4,0,0,0,0,0,44,40,0,0,0,0,1,0,1,0
261,,,,,32,40,4,0,4,0,4,0,0,0,44,40,0,0,0,0,0,0,0,0
262,Prod0,Prod0,Prod0,Prod0,28,40,3,0,0,0,3,0,0,0,44,40,0,0,0,0,16,2,16,2
263,,,,,28,40,3,0,0,0,3,0,0,0,44,40,0,0,0,0,15,1,15,1
264,,,,,28,40,3,0,1,0,3,0,0,0,43,40,0,0,0,0,14,0,14,0
265,,Prod0,,Prod0,28,40,2,0,1,0,2,0,0,0,43,40,0,0,0,0,13,2,13,2
266,,,,,28,40,2,0,1,0,2,0,0,0,43,40,0,0,0,0,12,1,12,1
267,,,,,28,40,2,0,2,0,2,0,0,0,42,40,0,0,0,0,11,0,11,0
268,,Prod0,,Prod0,28,40,1,0,2,0,1,0,0,0,42,40,0,0,0,0,10,2,10,2
269,,,,,28,40,1,0,2,0,1,0,0,0,42,40,0,0,0,0,9,1,9,1
270,,,,,28,40,1,0,3,0,1,0,0,0,41,40,0,0,0,0,8,0,8,0
271,,Prod0,,Prod0,28,40,0,0,3,0,0,0,0,0,41,40,0,0,0,0,7,2,7,2
272,,,,,28,40,0,0,3,0,0,0,0,0,41,40,0,0,0,0,6,1,6,1
273,,,,,28,40,0,0,4,0,0,0,0,0,40,40,0,0,0,0,5,0,5,0
274,,,,,28,40,0,0,4,0,0,0,0,0,40,40,0,0,0,0,4,0,4,0
275,,,,,28,40,0,0,4,0,0,0,0,0,40,40,0,0,0,0,3,0,3,0
276,,,,,28,40,0,0,4,0,0,0,0,0,40,40,0,0,0,0,2,0,2,0
277,,,,,28,40,0,0,4,0,0,0,0,0,40,40,0,0,0,0,1,0,1,0
278,,,,,28,40,4,0,4,0,4,0,0,0,40,40,0,0,0,0,0,0,0,0
279,Prod0,Prod0,Prod0,Prod0,24,40,3,0,0,0,3,0,0,0,40,40,0,0,0,0,16,2,16,2
280,,,,,24,40,3,0,0,0,3,0,0,0,40,40,0,0,0,0,15,1,15,1
281,,,,,24,40,3,0,1,0,3,0,0,0,39,40,0,0,0,0,14,0,14,0
282,,Prod0,,Prod0,24,40,2,0,1,0,2,0,0,0,39,40,0,0,0,0,13,2,13,2
283,,,,,24,40,2,0,1,0,2,0,0,0,39,40,0,0,0,0,12,1,12,1
284,,,,,24,40,2,0,2,0,2,0,0,0,38,40,0,0,0,0,11,0,11,0
285,,Prod0,,Prod0,24,40,1,0,2,0,1,0,0,0,38,40,0,0,0,0,10,2,10,2
286,,,,,24,40,1,0,2,0,1,0,0,0,38,40,0,0,0,0,9,1,9,1
287,,,,,24,40,1,0,3,0,1,0,0,0,37,40,0,0,0,0,8,0,8,0
288,,Prod0,,Prod0,24,40,0,0,3,0,0,0,0,0,37,40,0,0,0,0,7,2,7,2
289,,,,,24,40,0,0,3,0,0,0,0,0,37,40,0,0,0,0,6,1,6,1
290,,,,,24,40,0,0,4,0,0,0,0,0,36,40,0,0,0,0,5,0,5,0
291,,,,,24,40,0,0,4,0,0,0,0,0,36,40,0,0,0,0,4,0,4,0
292,,,,,24,40,0,0,4,0,0,0,0,0,36,40,0,0,0,0,3,0,3,0
293,,,,,24,40,0,0,4,0,0,0,0,0,36,40,0,0,0,0,2,0,2,0
294,,,,,24,40,0,0,4,0,0,0,0,0,36,40,0,0,0,0,1,0,1,0
295,,,,,24,40,4,0,4,0,4,0,0,0,36,40,0,0,0,0,0,0,0,0
296,Prod1,Prod0,Prod0,Prod0,24,36,3,0,0,0,3,0,0,0,36,40,1,0,0,0,20,2,16,2
297,,,,,24,36,3,0,0,0,3,0,0,0,36,40,1,0,0,0,19,1,15,1
298,,,,,24,36,3,0,1,0,3,0,0,0,35,40,1,0,0,0,18,0,14,0
299,,Prod0,,Prod0,24,36,2,0,1,0,2,0,0,0,35,40,1,0,0,0,17,2,13,2
300,,,,,24,36,2,0,1,0,2,0,0,0,35,40,1,0,0,0,16,1,12,1
301,,,,,24,36,2,0,2,0,2,0,0,0,34,40,1,0,0,0,15,0,11,0
302,,Prod0,,Prod0,24,36,1,0,2,0,1,0,0,0,34,40,1,0,0,0,14,2,10,2
303,,,,,24,36,1,0,2,0,1,0,0,0,34,40,1,0,0,0,13,1,9,1
304,,,,,24,36,1,0,3,0,1,0,0,0,33,40,1,0,0,0,12,0,8,0
305,,Prod0,,Prod0,24,36,0,0,3,0,0,0,0,0,33,40,1,0,0,0,11,2,7,2
306,,,,,24,36,0,0,3,0,0,0,0,0,33,40,1,0,0,0,10,1,6,1
307,,,,,24,36,0,0,4,0,0,0,0,0,32,40,1,0,0,0,9,0,5,0
308,,,,,24,36,0,0,4,0,0,0,0,0,32,40,1,0,0,0,8,0,4,0
309,,,,,24,36,0,0,4,0,0,0,0,0,32,40,1,0,0,0,7,0,3,0
310,,,,,24,36,0,0,4,0,0,0,0,0,32,40,1,0,0,0,6,0,2,0
311,,,,,24,36,0,0,4,0,0,0,0,0,32,40,1,0,0,0,5,0,1,0
312,,,,,24,36,0,0,4,0,4,0,0,0,32,40,1,0,0,0,4,0,0,0
313,,,Prod0,Prod0,24,36,0,0,0,0,3,0,0,0,32,40,1,0,0,0,3,0,16,2
314,,,,,24,36,0,0,0,0,3,0,0,0,32,40,1,0,0,0,2,0,15,1
315,,,,,24,36,0,0,0,0,3,0,0,0,31,40,1,0,0,0,1,0,14,0
316,,,,Prod0,24,36,0,4,0,0,2,0,0,0,31,40,1,0,0,0,0,0,13,2
317,Prod1,Prod1,,,24,32,0,3,0,0,2,0,0,0,31,40,1,1,0,0,20,3,12,1
318,,,,,24,32,0,3,0,0,2,0,0,0,30,40,1,1,0,0,19,2,11,0
319,,,,Prod0,24,32,0,3,0,0,1,0,0,0,30,40,1,1,0,0,18,1,10,2
320,,,,,24,32,0,3,0,1,1,0,0,0,30,40,1,1,0,0,17,0,9,1
321,,Prod1,,,24,32,0,2,0,1,1,0,0,0,29,40,1,1,0,0,16,2,8,0
322,,,,Prod0,24,32,0,2,0,1,0,0,0,0,29,40,1,1,0,0,15,1,7,2
323,,,,,24,32,0,2,0,2,0,0,0,0,29,40,1,1,0,0,14,0,6,1
324,,Prod1,,,24,32,0,1,0,2,0,0,0,0,28,40,1,1,0,0,13,2,5,0
325,,,,,24,32,0,1,0,2,0,0,0,0,28,40,1,1,0,0,12,1,4,0
326,,,,,24,32,0,1,0,3,0,0,0,0,28,40,1,1,0,0,11,0,3,0
327,,Prod1,,,24,32,0,0,0,3,0,0,0,0,28,40,1,1,0,0,10,2,2,0
328,,,,,24,32,0,0,0,3,0,0,0,0,28,40,1,1,0,0,9,1,1,0
329,,,,,24,32,0,0,0,4,4,0,0,0,28,40,1,1,0,0,8,0,0,0
330,,,Prod1,Prod0,24,32,0,0,0,0,3,0,0,0,28,40,1,1,1,0,7,0,20,2
331,,,,,24,32,0,0,0,0,3,0,0,0,28,40,1,1,1,0,6,0,19,1
332,,,,,24,32,0,0,0,0,3,0,0,0,27,40,1,1,1,0,5,0,18,0
333,,,,Prod0,24,32,0,0,0,0,2,0,0,0,27,40,1,1,1,0,4,0,17,2
334,,,,,24,32,0,0,0,0,2,0,0,0,27,40,1,1,1,0,3,0,16,1
335,,,,,24,32,0,0,0,0,2,0,0,0,26,40,1,1,1,0,2,0,15,0
336,,,,Prod0,24,32,0,0,0,0,1,0,0,0,26,40,1,1,1,0,1,0,14,2
337,,,,,24,32,0,4,0,0,1,0,0,0,26,40,1,1,1,0,0,0,13,1
338,Prod1,Prod1,,,24,28,0,3,0,0,1,0,0,0,25,40,1,1,1,0,20,2,12,0
339,,,,Prod0,24,28,0,3,0,0,0,0,0,0,25,40,1,1,1,0,19,1,11,2
340,,,,,24,28,0,3,0,1,0,0,0,0,25,40,1,1,1,0,18,0,10,1
341,,Prod1,,,24,28,0,2,0,1,0,0,0,0,24,40,1,1,1,0,17,2,9,0
342,,,,,24,28,0,2,0,1,0,0,0,0,24,40,1,1,1,0,16,1,8,0
343,,,,,24,28,0,2,0,2,0,0,0,0,24,40,1,1,1,0,15,0,7,0
344,,Prod1,,,24,28,0,1,0,2,0,0,0,0,24,40,1,1,1,0,14,2,6,0
345,,,,,24,28,0,1,0,2,0,0,0,0,24,40,1,1,1,0,13,1,5,0
346,,,,,24,28,0,1,0,3,0,0,0,0,24,40,1,1,1,0,12,0,4,0
347,,Prod1,,,24,28,0,0,0,3,0,0,0,0,24,40,1,1,1,0,11,2,3,0
348,,,,,24,28,0,0,0,3,0,0,0,0,24,40,1,1,1,0,10,1,2,0
349,,,,,24,28,0,0,0,4,0,0,0,0,24,40,1,1,1,0,9,0,1,0
350,,,,,24,28,0,0,0,4,0,4,0,0,24,40,1,1,1,0,8,0,0,0
351,,,Prod1,Prod1,24,28,0,0,0,0,0,3,0,0,24,40,1,1,1,1,7,0,20,3
352,,,,,24,28,0,0,0,0,0,3,0,0,24,40,1,1,1,1,6,0,19,2
353,,,,,24,28,0,0,0,0,0,3,0,0,24,40,1,1,1,1,5,0,18,1
354,,,,,24,28,0,0,0,0,0,3,0,0,24,39,1,1,1,1,4,0,17,0
355,,,,Prod1,24,28,0,0,0,0,0,2,0,0,24,39,1,1,1,1,3,0,16,2
356,,,,,24,28,0,0,0,0,0,2,0,0,24,39,1,1,1,1,2,0,15,1
357,,,,,24,28,0,0,0,0,0,2,0,0,24,38,1,1,1,1,1,0,14,0
358,,,,Prod1,24,28,0,4,0,0,0,1,0,0,24,38,1,1,1,1,0,0,13,2
359,Prod1,Prod1,,,24,24,0,3,0,0,0,1,0,0,24,38,1,1,1,1,20,2,12,1
360,,,,,24,24,0,3,0,0,0,1,0,0,24,37,1,1,1,1,19,1,11,0
361,,,,Prod1,24,24,0,3,0,1,0,0,0,0,24,37,1,1,1,1,18,0,10,2
362,,Prod1,,,24,24,0,2,0,1,0,0,0,0,24,37,1,1,1,1,17,2,9,1
363,,,,,24,24,0,2,0,1,0,0,0,0,24,36,1,1,1,1,16,1,8,0
364,,,,,24,24,0,2,0,2,0,0,0,0,24,36,1,1,1,1,15,0,7,0
365,,Prod1,,,24,24,0,1,0,2,0,0,0,0,24,36,1,1,1,1,14,2,6,0
366,,,,,24,24,0,1,0,2,0,0,0,0,24,36,1,1,1,1,13,1,5,0
367,,,,,24,24,0,1,0,3,0,0,0,0,24,36,1,1,1,1,12,0,4,0
368,,Prod1,,,24,24,0,0,0,3,0,0,0,0,24,36,1,1,1,1,11,2,3,0
369,,,,,24,24,0,0,0,3,0,0,0,0,24,36,1,1,1,1,10,1,2,0
370,,,,,24,24,0,0,0,4,0,0,0,0,24,36,1,1,1,1,9,0,1,0
371,,,,,24,24,0,0,0,4,0,4,0,0,24,36,1,1,1,1,8,0,0,0
372,,,Prod1,Prod1,24,24,0,0,0,0,0,3,0,0,24,36,1,1,1,1,7,0,20,2
373,,,,,24,24,0,0,0,0,0,3,0,0,24,36,1,1,1,1,6,0,19,1
374,,,,,24,24,0,0,0,0,0,3,0,0,24,35,1,1,1,1,5,0,18,0
375,,,,Prod1,24,24,0,0,0,0,0,2,0,0,24,35,1,1,1,1,4,0,17,2
376,,,,,24,24,0,0,0,0,0,2,0,0,24,35,1,1,1,1,3,0,16,1
377,,,,,24,24,0,0,0,0,0,2,0,0,24,34,1,1,1,1,2,0,15,0
378,,,,Prod1,24,24,0,0,0,0,0,1,0,0,24,34,1,1,1,1,1,0,14,2
379,,,,,24,24,0,4,0,0,0,1,0,0,24,34,1,1,1,1,0,0,13,1
380,Prod1,Prod1,,,24,20,0,3,0,0,0,1,0,0,24,33,1,1,1,1,20,2,12,0
381,,,,Prod1,24,20,0,3,0,0,0,0,0,0,24,33,1,1,1,1,19,1,11,2
382,,,,,24,20,0,3,0,1,0,0,0,0,24,33,1,1,1,1,18,0,10,1
383,,Prod1,,,24,20,0,2,0,1,0,0,0,0,24,32,1,1,1,1,17,2,9,0
384,,,,,24,20,0,2,0,1,0,0,0,0,24,32,1,1,1,1,16,1,8,0
385,,,,,24,20,0,2,0,2,0,0,0,0,24,32,1,1,1,1,15,0,7,0
386,,Prod1,,,24,20,0,1,0,2,0,0,0,0,24,32,1,1,1,1,14,2,6,0
387,,,,,24,20,0,1,0,2,0,0,0,0,24,32,1,1,1,1,13,1,5,0
388,,,,,24,20,0,1,0,3,0,0,0,0,24,32,1,1,1,1,12,0,4,0
389,,Prod1,,,24,20,0,0,0,3,0,0,0,0,24,32,1,1,1,1,11,2,3,0
390,,,,,24,20,0,0,0,3,0,0,0,0,24,32,1,1,1,1,10,1,2,0
391,,,,,24,20,0,0,0,4,0,0,0,0,24,32,1,1,1,1,9,0,1,0
392,,,,,24,20,0,0,0,4,0,4,0,0,24,32,1,1,1,1,8,0,0,0
393,,,Prod1,Prod1,24,20,0,0,0,0,0,3,0,0,24,32,1,1,1,1,7,0,20,2
394,,,,,24,20,0,0,0,0,0,3,0,0,24,32,1,1,1,1,6,0,19,1
395,,,,,24,20,0,0,0,0,0,3,0,0,24,31,1,1,1,1,5,0,18,0
396,,,,Prod1,24,20,0,0,0,0,0,2,0,0,24,31,1,1,1,1,4,0,17,2
397,,,,,24,20,0,0,0,0,0,2,0,0,24,31,1,1,1,1,3,0,16,1
398,,,,,24,20,0,0,0,0,0,2,0,0,24,30,1,1,1,1,2,0,15,0
399,,,,Prod1,24,20,0,0,0,0,0,1,0,0,24,30,1,1,1,1,1,0,14,2
400,,,,,24,20,0,4,0,0,0,1,0,0,24,30,1,1,1,1,0,0,13,1
401,Prod1,Prod1,,,24,16,0,3,0,0,0,1,0,0,24,29,1,1,1,1,20,2,12,0
402,,,,Prod1,24,16,0,3,0,0,0,0,0,0,24,29,1,1,1,1,19,1,11,2
403,,,,,24,16,0,3,0,1,0,0,0,0,24,29,1,1,1,1,18,0,10,1
404,,Prod1,,,24,16,0,2,0,1,0,0,0,0,24,28,1,1,1,1,17,2,9,0
405,,,,,24,16,0,2,0,1,0,0,0,0,24,28,1,1,1,1,16,1,8,0
406,,,,,24,16,0,2,0,2,0,0,0,0,24,28,1,1,1,1,15,0,7,0
407,,Prod1,,,24,16,0,1,0,2,0,0,0,0,24,28,1,1,1,1,14,2,6,0
408,,,,,24,16,0,1,0,2,0,0,0,0,24,28,1,1,1,1,13,1,5,0
409,,,,,24,16,0,1,0,3,0,0,0,0,24,28,1,1,1,1,12,0,4,0
410,,Prod1,,,24,16,0,0,0,3,0,0,0,0,24,28,1,1,1,1,11,2,3,0
411,,,,,24,16,0,0,0,3,0,0,0,0,24,28,1,1,1,1,10,1,2,0
412,,,,,24,16,0,0,0,4,0,0,0,0,24,28,1,1,1,1,9,0,1,0
413,,,,,24,16,0,0,0,4,0,4,0,0,24,28,1,1,1,1,8,0,0,0
414,,,Prod1,Prod1,24,16,0,0,0,0,0,3,0,0,24,28,1,1,1,1,7,0,20,2
415,,,,,24,16,0,0,0,0,0,3,0,0,24,28,1,1,1,1,6,0,19,1
416,,,,,24,16,0,0,0,0,0,3,0,0,24,27,1,1,1,1,5,0,18,0
417,,,,Prod1,24,16,0,0,0,0,0,2,0,0,24,27,1,1,1,1,4,0,17,2
418,,,,,24,16,0,0,0,0,0,2,0,0,24,27,1,1,1,1,3,0,16,1
419,,,,,24,16,0,0,0,0,0,2,0,0,24,26,1,1,1,1,2,0,15,0
420,,,,Prod1,24,16,0,0,0,0,0,1,0,0,24,26,1,1,1,1,1,0,14,2
421,,,,,24,16,0,4,0,0,0,1,0,0,24,26,1,1,1,1,0,0,13,1
422,Prod1,Prod1,,,24,12,0,3,0,0,0,1,0,0,24,25,1,1,1,1,20,2,12,0
423,,,,Prod1,24,12,0,3,0,0,0,0,0,0,24,25,1,1,1,1,19,1,11,2
424,,,,,24,12,0,3,0,1,0,0,0,0,24,25,1,1,1,1,18,0,10,1
425,,Prod1,,,24,12,0,2,0,1,0,0,0,0,24,24,1,1,1,1,17,2,9,0
426,,,,,24,12,0,2,0,1,0,0,0,0,24,24,1,1,1,1,16,1,8,0
427,,,,,24,12,0,2,0,2,0,0,0,0,24,24,1,1,1,1,15,0,7,0
428,,Prod1,,,24,12,0,1,0,2,0,0,0,0,24,24,1,1,1,1,14,2,6,0
429,,,,,24,12,0,1,0,2,0,0,0,0,24,24,1,1,1,1,13,1,5,0
430,,,,,24,12,0,1,0,3,0,0,0,0,24,24,1,1,1,1,12,0,4,0
431,,Prod1,,,24,12,0,0,0,3,0,0,0,0,24,24,1,1,1,1,11,2,3,0
432,,,,,24,12,0,0,0,3,0,0,0,0,24,24,1,1,1,1,10,1,2,0
433,,,,,24,12,0,0,0,4,0,0,0,0,24,24,1,1,1,1,9,0,1,0
434,,,,,24,12,0,0,0,4,0,4,0,0,24,24,1,1,1,1,8,0,0,0
435,,,Prod1,Prod1,24,12,0,0,0,0,0,3,0,0,24,24,1,1,1,1,7,0,20,2
436,,,,,24,12,0,0,0,0,0,3,0,0,24,24,1,1,1,1,6,0,19,1
437,,,,,24,12,0,0,0,0,0,3,0,0,24,23,1,1,1,1,5,0,18,0
438,,,,Prod1,24,12,0,0,0,0,0,2,0,0,24,23,1,1,1,1,4,0,17,2
439,,,,,24,12,0,0,0,0,0,2,0,0,24,23,1,1,1,1,3,0,16,1
440,,,,,24,12,0,0,0,0,0,2,0,0,24,22,1,1,1,1,2,0,15,0
441,,,,Prod1,24,12,0,0,0,0,0,1,0,0,24,22,1,1,1,1,1,0,14,2
442,,,,,24,12,0,4,0,0,0,1,0,0,24,22,1,1,1,1,0,0,13,1
443,Prod0,Prod1,,,20,12,0,3,0,0,0,1,0,0,24,21,0,1,1,1,16,2,12,0
444,,,,Prod1,20,12,0,3,0,0,0,0,0,0,24,21,0,1,1,1,15,1,11,2
445,,,,,20,12,0,3,0,1,0,0,0,0,24,21,0,1,1,1,14,0,10,1
446,,Prod1,,,20,12,0,2,0,1,0,0,0,0,24,20,0,1,1,1,13,2,9,0
447,,,,,20,12,0,2,0,1,0,0,0,0,24,20,0,1,1,1,12,1,8,0
448,,,,,20,12,0,2,0,2,0,0,0,0,24,20,0,1,1,1,11,0,7,0
449,,Prod1,,,20,12,0,1,0,2,0,0,0,0,24,20,0,1,1,1,10,2,6,0
450,,,,,20,12,0,1,0,2,0,0,0,0,24,20,0,1,1,1,9,1,5,0
451,,,,,20,12,0,1,0,3,0,0,0,0,24,20,0,1,1,1,8,0,4,0
452,,Prod1,,,20,12,0,0,0,3,0,0,0,0,24,20,0,1,1,1,7,2,3,0
453,,,,,20,12,0,0,0,3,0,0,0,0,24,20,0,1,1,1,6,1,2,0
454,,,,,20,12,0,0,0,4,0,0,0,0,24,20,0,1,1,1,5,0,1,0
455,,,,,20,12,0,0,0,4,0,4,0,0,24,20,0,1,1,1,4,0,0,0
456,,,Prod1,Prod1,20,12,0,0,0,0,0,3,0,0,24,20,0,1,1,1,3,0,20,2
457,,,,,20,12,0,0,0,0,0,3,0,0,24,20,0,1,1,1,2,0,19,1
458,,,,,20,12,0,0,0,0,0,3,0,0,24,19,0,1,1,1,1,0,18,0
459,,,,Prod1,20,12,4,0,0,0,0,2,0,0,24,19,0,1,1,1,0,0,17,2
460,Prod0,Prod0,,,16,12,3,0,0,0,0,2,0,0,24,19,0,0,1,1,16,3,16,1
461,,,,,16,12,3,0,0,0,0,2,0,0,24,18,0,0,1,1,15,2,15,0
462,,,,Prod1,16,12,3,0,0,0,0,1,0,0,24,18,0,0,1,1,14,1,14,2
463,,,,,16,12,3,0,1,0,0,1,0,0,24,18,0,0,1,1,13,0,13,1
464,,Prod0,,,16,12,2,0,1,0,0,1,0,0,24,17,0,0,1,1,12,2,12,0
465,,,,Prod1,16,12,2,0,1,0,0,0,0,0,24,17,0,0,1,1,11,1,11,2
466,,,,,16,12,2,0,2,0,0,0,0,0,24,17,0,0,1,1,10,0,10,1
467,,Prod0,,,16,12,1,0,2,0,0,0,0,0,24,16,0,0,1,1,9,2,9,0
468,,,,,16,12,1,0,2,0,0,0,0,0,24,16,0,0,1,1,8,1,8,0
469,,,,,16,12,1,0,3,0,0,0,0,0,24,16,0,0,1,1,7,0,7,0
470,,Prod0,,,16,12,0,0,3,0,0,0,0,0,24,16,0,0,1,1,6,2,6,0
471,,,,,16,12,0,0,3,0,0,0,0,0,24,16,0,0,1,1,5,1,5,0
472,,,,,16,12,0,0,4,0,0,0,0,0,24,16,0,0,1,1,4,0,4,0
473,,,,,16,12,0,0,4,0,0,0,0,0,24,16,0,0,1,1,3,0,3,0
474,,,,,16,12,0,0,4,0,0,0,0,0,24,16,0,0,1,1,2,0,2,0
475,,,,,16,12,0,0,4,0,0,0,0,0,24,16,0,0,1,1,1,0,1,0
476,,,,,16,12,4,0,4,0,0,4,0,0,24,16,0,0,1,1,0,0,0,0
477,Prod0,Prod0,Prod0,Prod1,12,12,3,0,0,0,0,3,0,0,24,16,0,0,0,1,16,2,16,2
478,,,,,12,12,3,0,0,0,0,3,0,0,24,16,0,0,0,1,15,1,15,1
479,,,,,12,12,3,0,1,0,0,3,0,0,24,15,0,0,0,1,14,0,14,0
480,,Prod0,,Prod1,12,12,2,0,1,0,0,2,0,0,24,15,0,0,0,1,13,2,13,2
481,,,,,12,12,2,0,1,0,0,2,0,0,24,15,0,0,0,1,12,1,12,1
482,,,,,12,12,2,0,2,0,0,2,0,0,24,14,0,0,0,1,11,0,11,0
483,,Prod0,,Prod1,12,12,1,0,2,0,0,1,0,0,24,14,0,0,0,1,10,2,10,2
484,,,,,12,12,1,0,2,0,0,1,0,0,24,14,0,0,0,1,9,1,9,1
485,,,,,12,12,1,0,3,0,0,1,0,0,24,13,0,0,0,1,8,0,8,0
486,,Prod0,,Prod1,12,12,0,0,3,0,0,0,0,0,24,13,0,0,0,1,7,2,7,2
487,,,,,12,12,0,0,3,0,0,0,0,0,24,13,0,0,0,1,6,1,6,1
488,,,,,12,12,0,0,4,0,0,0,0,0,24,12,0,0,0,1,5,0,5,0
489,,,,,12,12,0,0,4,0,0,0,0,0,24,12,0,0,0,1,4,0,4,0
490,,,,,12,12,0,0,4,0,0,0,0,0,24,12,0,0,0,1,3,0,3,0
491,,,,,12,12,0,0,4,0,0,0,0,0,24,12,0,0,0,1,2,0,2,0
492,,,,,12,12,0,0,4,0,0,0,0,0,24,12,0,0,0,1,1,0,1,0
493,,,,,12,12,4,0,4,0,4,0,0,0,24,12,0,0,0,1,0,0,0,0
494,Prod0,Prod0,Prod0,Prod0,8,12,3,0,0,0,3,0,0,0,24,12,0,0,0,0,16,2,16,3
495,,,,,8,12,3,0,0,0,3,0,0,0,24,12,0,0,0,0,15,1,15,2
496,,,,,8,12,3,0,1,0,3,0,0,0,24,12,0,0,0,0,14,0,14,1
497,,Prod0,,,8,12,2,0,1,0,3,0,0,0,23,12,0,0,0,0,13,2,13,0
498,,,,Prod0,8,12,2,0,1,0,2,0,0,0,23,12,0,0,0,0,12,1,12,2
499,,,,,8,12,2,0,2,0,2,0,0,0,23,12,0,0,0,0,11,0,11,1
